"","hostid","hostsp","sl","tl","lat","long","date_collected","year","decade","lag0_temp","lag1_temp","lag2_temp","lag3_temp","lag12_temp","ala","val","leu","ile","nle","thr","asp","ser","glu","phe","pro","glu_notusing","phe_notusing","latjitt","longjitt","site","tp","diff"
"1","005211-1_41","hake",341,359,48.163077,-122.540756,"13-Nov-41",1941,1940,9,9.9,10.6,11,NA,23.5840982,24.22456376,23.41320988,23.17943517,19.31530963,-11.5239831,14.8264172,18.20141078,23.64244074,10.75964549,NA,NA,NA,48.1629020912707,-122.692888610167,"48.163077 -122.540756 TRUE",2.62856057017544,12.88279525
"2","045377-2_86","hake",143,167,47.75,-122.8333,"3-Jun-86",1986,1980,11,9.4,8.4,8,10.6,19.69535088,21.42986543,19.85939666,19.98171438,21.40887527,-5.964134788,NA,19.5084754,22.03797882,6.896155327,NA,NA,NA,47.7498962925371,-123.240901040056,"47.75 -122.8333 TRUE",3.0248813145614,15.141823493
"3","045241-3_86","hake",152,178,47.8,-122.8,"21-Oct-86",1986,1980,9.8,10.8,11.8,10.9,9.6,20.89905113,21.20234275,19.32439452,18.8168834,18.37664142,-7.799338254,13.70427706,16.10451626,21.27225631,5.836284553,20.17534146,NA,NA,47.7999716785408,-123.002699169268,"47.8 -122.8 TRUE",3.0764862731579,15.435971757
"4","045123-4_85","hake",178,202,47.75,-122.8333,"20-Jun-85",1985,1980,10.6,9.6,8.2,7.2,10.3,21.06201819,18.47664292,19.2789003,18.65855926,18.26140479,-9.87738083,14.48737612,3.901169876,21.01781237,5.134804878,21.32069298,NA,NA,47.7500678193294,-122.965762427904,"47.75 -122.8333 TRUE",3.15491359508772,15.883007492
"5","045123-1_85","hake",192,218,47.75,-122.8333,"20-Jun-85",1985,1980,10.6,9.6,8.2,7.2,10.3,19.07065319,19.68654429,16.67199123,17.12794373,14.07314527,-9.853478391,12.66608622,12.85720603,19.55516774,5.788216517,NA,NA,NA,47.7499370720071,-122.990025916048,"47.75 -122.8333 TRUE",2.7836756531579,13.766951223
"6","045123-5_85","hake",173,197,47.75,-122.8333,"20-Jun-85",1985,1980,10.6,9.6,8.2,7.2,10.3,20.33643127,20.7651292,19.2640767,18.86601711,17.87459528,-4.60500295,10.37426869,17.96688142,20.84969912,7.429341593,18.87617463,NA,NA,47.7501071608536,-123.266659553825,"47.75 -122.8333 TRUE",2.72286974157895,13.420357527
"7","045123-3_85","hake",156,175,47.75,-122.8333,"20-Jun-85",1985,1980,10.6,9.6,8.2,7.2,10.3,19.78461504,17.97166025,18.14512003,NA,NA,NA,NA,NA,21.53776637,NA,NA,NA,NA,47.7500418656215,-122.828532506323,"47.75 -122.8333 TRUE",NA,NA
"8","045123-2_85","hake",159,185,47.75,-122.8333,"20-Jun-85",1985,1980,10.6,9.6,8.2,7.2,10.3,20.67869427,18.13710804,NA,14.09797604,26.86823214,-10.31028156,10.69303166,13.14722721,21.98097625,4.182661532,16.96490158,NA,NA,47.7501044550459,-123.157831628536,"47.75 -122.8333 TRUE",3.49093240666667,17.798314718
"9","045422-1_87","hake",155,184,47.75,-122.8333,"16-Jun-87",1987,1980,10.6,9.8,8.9,8.3,11,20.72614869,19.18334703,17.4817807,17.793138,16.18497326,-9.624431322,11.28239944,13.33654921,21.31487634,4.712770646,18.01494373,NA,NA,47.7500450773135,-122.736952424099,"47.75 -122.8333 TRUE",3.28107117438597,16.602105694
"10","045422-4_87","hake",162,183,47.75,-122.8333,"16-Jun-87",1987,1980,10.6,9.8,8.9,8.3,11,21.23984211,21.09030873,19.53046256,18.76663564,21.52509007,3.054270004,NA,17.72204664,22.23716624,10.72178092,17.85628491,NA,NA,47.7500514256979,-122.525098086142,"47.75 -122.8333 TRUE",2.38866409122807,11.51538532
"11","045422-3_87","hake",154,181,47.75,-122.8333,"16-Jun-87",1987,1980,10.6,9.8,8.9,8.3,11,21.09116313,20.3384708,19.25458772,18.0655708,19.80411475,NA,12.27231475,12.43370383,23.44730914,5.218177876,NA,NA,NA,47.7499950868458,-122.561742760379,"47.75 -122.8333 TRUE",3.56651425684211,18.229131264
"12","003955-2_36","hake",98,115,47.416637,-123.138751,"15-Apr-36",1936,1930,7.8,7,6.7,7.9,7.8,22.03188722,21.41452525,19.3900246,18.90080737,20.41050847,-10.28003326,12.82085152,11.80797219,23.37610184,5.895504493,17.10471181,NA,NA,47.4167367733082,-122.795341411064,"47.416637 -123.138751 TRUE",3.43519251701754,17.480597347
"13","003955-1_36","hake",105,124,47.416637,-123.138751,"15-Apr-36",1936,1930,7.8,7,6.7,7.9,7.8,22.27044951,20.6730982,19.60831636,19.28981386,22.53924069,-11.4569371,12.03623406,13.25341378,23.48557445,5.417745828,16.95479504,NA,NA,47.4164909273068,-123.370787509484,"47.416637 -123.138751 TRUE",3.5382155477193,18.067828622
"14","110758-1_91","hake",210,257,47.3772,-123.0878,"7-May-91",1991,1990,9.7,8.4,7.9,7.7,9.9,21.14279867,21.13186949,19.50931836,20.50421502,14.18442576,-11.65931814,13.82333312,14.00163821,21.09997689,3.852252033,NA,NA,NA,47.3770629324396,-122.724610651446,"47.3772 -123.0878 TRUE",3.39433769421053,17.247724857
"15","110758-2_91","hake",139,164,47.3772,-123.0878,"7-May-91",1991,1990,9.7,8.4,7.9,7.7,9.9,19.81146919,20.04654536,17.74633611,19.45607916,17.01848933,-11.31240073,9.953104407,16.47018485,20.15103166,6.851898802,NA,NA,NA,47.377044111002,-123.250298233227,"47.3772 -123.0878 TRUE",2.70160225578947,13.299132858
"16","110758-4_91","hake",221,260,47.3772,-123.0878,"7-May-91",1991,1990,9.7,8.4,7.9,7.7,9.9,23.69641357,24.21842714,23.52928171,21.479759,19.55562625,-3.542004425,11.06582688,15.99868673,25.03338201,7.953745723,19.05852861,NA,NA,47.3770793765531,-123.175316757722,"47.3772 -123.0878 TRUE",3.36484847140351,17.079636287
"17","110758-7_91","hake",134,154,47.3772,-123.0878,"7-May-91",1991,1990,9.7,8.4,7.9,7.7,9.9,20.94924283,17.18001006,14.78046619,14.83730338,21.19066517,NA,NA,NA,21.90084531,11.36966025,21.71571031,NA,NA,47.377264503262,-123.19519232222,"47.3772 -123.0878 TRUE",2.21599737894737,10.53118506
"18","005659-2_49","hake",163,187,47.364885,-122.66367,"19-Jul-49",1949,1940,10.3,10.1,9.4,8.3,10.8,21.22340757,23.85420753,19.09584895,19.03007338,13.38024647,-11.1075706,11.67938832,15.30564634,21.48093838,7.324560976,20.7614065,NA,NA,47.3649083399552,-122.987553793586,"47.364885 -122.66367 TRUE",2.85199603578947,14.156377404
"19","028785-1_75","hake",393,445,48.853361,-122.835568,"1/27/75",1975,1970,7.3,8.2,8.6,9.7,7.2,23.59605499,23.40094223,22.41814912,22.61229803,16.88977428,-17.35234703,14.44985131,12.53711532,24.14163629,2.343717587,26.33280509,NA,NA,48.8533347018819,-122.762301428822,"48.853361 -122.835568 TRUE",4.19261731631579,21.797918703
"20","015334-2_32","hake",153,176,NA,NA,"29-Sep-32",1932,1930,10.7,10.9,10.8,10.4,10.7,19.17857702,20.13394844,17.34426401,18.83709414,16.04555755,-8.224436457,14.04957338,12.82620967,20.10168571,4.609252033,20.48588596,NA,NA,NA,NA,"NA NA TRUE",3.08639187315789,15.492433677
"21","002668-1_33","hake",198,223,48.018285,-122.329465,"19-Apr-33",1933,1930,8,7.1,6.7,7.1,8.2,20.75059157,22.39277279,20.20102311,19.90254921,18.43120026,-4.433161532,12.95213843,15.98007724,21.16928327,8.485268293,20.71278862,NA,NA,48.0183996923269,-122.393611843322,"48.018285 -122.329465 TRUE",2.59368683807018,12.684014977
"22","026608-7_33","hake",176,194,48.018285,-122.329465,"19-Apr-33",1933,1930,8,7.1,6.7,7.1,8.2,21.5031119,20.90995101,18.77446791,18.81321481,18.26098103,-2.586953145,11.76333376,16.99832863,21.32868592,11.27428306,18.08056461,NA,NA,48.0182101877575,-122.579992467103,"48.018285 -122.329465 TRUE",2.13235137894737,10.05440286
"23","002668-5_33","hake",123,145,48.018285,-122.329465,"19-Apr-33",1933,1930,8,7.1,6.7,7.1,8.2,18.95731579,20.21205327,18.10546513,18.9960092,19.57792961,-1.359523748,NA,6.86614249,20.06287484,4.499251177,15.32808898,NA,NA,48.0183842324462,-122.466569879975,"48.018285 -122.329465 TRUE",3.09888134438596,15.563623663
"24","002668-9_33","hake",192,217,48.018285,-122.329465,"19-Apr-33",1933,1930,8,7.1,6.7,7.1,8.2,23.66958346,21.93179953,20.28778626,19.95338459,19.64185458,-6.192915334,14.30182028,12.98098074,23.06399358,6.788426187,18.17221074,NA,NA,48.0181452576967,-122.327856649509,"48.018285 -122.329465 TRUE",3.2237837531579,16.275567393
"25","002668-3_33","hake",135,153,48.018285,-122.329465,"19-Apr-33",1933,1930,8,7.1,6.7,7.1,8.2,21.24023427,20.12252953,17.24784979,16.54081985,19.50647433,-9.230366709,12.21072614,11.84577364,21.90337206,5.650747112,17.44431964,NA,NA,48.0181632326338,-122.110274843887,"48.018285 -122.329465 TRUE",3.21975876280702,16.252624948
"26","002668-6_33","hake",163,190,48.018285,-122.329465,"19-Apr-33",1933,1930,8,7.1,6.7,7.1,8.2,21.19832832,20.72750029,20.76020175,NA,17.24898201,-8.642256342,14.62018201,13.45863599,23.80599351,6.111543658,NA,NA,NA,48.0182269101013,-122.50666572931,"48.018285 -122.329465 TRUE",3.47271050035088,17.694449852
"27","110364-2_92","hake",135,157,48.04189,-122.5249,"9-May-92",1992,1990,10.2,9.5,9.5,8.1,9.7,21.95032285,21.61518635,18.48649986,18.44332435,18.42514955,-9.217355584,14.64392854,13.79229354,23.07030359,6.175831408,NA,NA,NA,48.0417753454534,-122.823145417691,"48.04189 -122.5249 TRUE",3.33236354070175,16.894472182
"28","110364-1_92","hake",129,146,48.04189,-122.5249,"9-May-92",1992,1990,10.2,9.5,9.5,8.1,9.7,21.92687257,19.19794867,20.18154386,18.58988201,21.09213097,-8.28939646,13.02033097,13.87033805,24.0351292,5.687070206,NA,NA,NA,48.0418332175004,-122.301758102656,"48.04189 -122.5249 TRUE",3.58737877087719,18.348058994
"29","002567-1_32","hake",183,210,48.020385,-122.321454,"29-Sep-32",1932,1930,10.7,10.9,10.8,10.4,10.7,20.86019191,21.7221395,17.84969298,19.56577043,16.5499463,-10.86972743,12.73287142,12.67443881,20.92292769,3.019163457,20.03591635,NA,NA,48.0203536695816,-122.328539421958,"48.020385 -122.321454 TRUE",3.50943232157895,17.903764233
"30","117903-1_90","hake",155,184,47.736017,-122.530885,"11-May-90",1990,1990,9.9,9,8.2,7.7,9.5,21.80614613,20.97941913,19.3439463,NA,NA,-6.959878263,15.14129183,16.7077899,21.96579889,4.377210312,20.12223256,NA,NA,47.7360487704353,-122.241736898669,"47.736017 -122.530885 TRUE",3.45413834701754,17.588588578
"31","117903-2_90","hake",145,167,47.736017,-122.530885,"11-May-90",1990,1990,9.9,9,8.2,7.7,9.5,21.57425214,19.77246192,19.0536917,17.92438058,22.45373611,-7.808656298,12.27315618,13.17029054,21.83687463,5.711724861,16.75367202,NA,NA,47.735946618942,-122.367377802742,"47.736017 -122.530885 TRUE",3.19739469631579,16.125149769
"32","007628-1_51","hake",370,417,47.780019,-122.47313,"8/5/51",1951,1950,11.1,10.4,10.2,9.2,10.4,28.91080702,29.34982991,25.59886436,26.79959713,17.43781108,-6.811452289,NA,NA,27.98139559,5.592210098,NA,NA,NA,47.7799885704907,-122.93198834344,"47.780019 -122.47313 TRUE",4.29634833192982,22.389185492
"33","110766-1_91","hake",344,387,47.9731,-122.5028,"8-May-91",1991,1990,9.7,8.4,7.9,7.7,9.9,23.5810644,24.44517865,23.00345871,23.43328241,18.06667266,-14.2666427,22.36072015,17.20229568,24.14172379,5.802089431,19.98799123,NA,NA,47.9731078434878,-122.798066724069,"47.9731 -122.5028 TRUE",3.58590076473684,18.339634359
"34","156371-5_16","hake",161,185,48.0511,-122.3839,"Jun 7 2016",2016,2010,12.61,11.9741935,10.8,9.06785714,12.6928571,19.78679268,18.7633374,21.48686992,19.14469106,18.56858537,-6.925904579,13.42439752,13.00875481,19.98360569,7.53002439,NA,NA,NA,48.0509483064489,-122.015452308919,"48.0511 -122.3839 TRUE",2.55325987719298,12.4535813
"35","156371-2_16","hake",144,163,48.0511,-122.3839,"Jun 7 2016",2016,2010,12.61,11.9741935,10.8,9.06785714,12.6928571,19.76462794,21.19153744,16.63485088,17.47012473,12.89590864,-8.79026273,12.7646365,10.51768143,20.0880629,3.080664527,21.58266645,NA,NA,48.0512707046479,-122.360028008514,"48.0511 -122.3839 TRUE",3.35217515315789,17.007398373
"36","156371-3_16","hake",150,177,48.0511,-122.3839,"Jun 7 2016",2016,2010,12.61,11.9741935,10.8,9.06785714,12.6928571,21.07161468,19.05930424,17.67447754,18.35807253,15.73513864,-8.329393881,12.55424968,13.02087398,21.33363201,3.384544715,20.91052033,NA,NA,48.0510862062259,-122.682657361287,"48.0511 -122.3839 TRUE",3.51738373596491,17.949087295
"37","156371-1_16","hake",215,239,48.0511,-122.3839,"Jun 7 2016",2016,2010,12.61,11.9741935,10.8,9.06785714,12.6928571,21.0724555,21.05015811,19.23407809,19.14763286,NA,-4.54443068,11.08785451,16.14026701,20.76011981,10.82526123,19.15753166,NA,NA,48.0512351085602,-122.087298193038,"48.0511 -122.3839 TRUE",2.11137869824561,9.93485858
"38","156371-10_16","hake",165,185,48.0511,-122.3839,"Jun 7 2016",2016,2010,12.61,11.9741935,10.8,9.06785714,12.6928571,21.5777233,23.73704661,22.10677729,21.55552596,21.20833422,-11.59322861,9.659276598,17.31250973,23.48018142,10.53750678,NA,NA,NA,48.0512954426798,-122.575791336362,"48.0511 -122.3839 TRUE",2.63906572631579,12.94267464
"39","156371-2_16*","hake",144,163,48.0511,-122.3839,"Jun 7 2016",2016,2010,12.61,11.9741935,10.8,9.06785714,12.6928571,20.79503894,21.55567788,21.49064897,19.72060118,21.41136519,-7.754230088,NA,20.11501711,22.80353097,11.31357758,NA,NA,NA,48.0509986375832,-122.083499428152,"48.0511 -122.3839 TRUE",2.38420234912281,11.48995339
"40","156371-9_16","hake",184,212,48.0511,-122.3839,"Jun 7 2016",2016,2010,12.61,11.9741935,10.8,9.06785714,12.6928571,21.52638596,23.49267758,21.31499487,20.55375289,23.33115426,-1.059079161,NA,18.70014163,23.11874947,10.74239281,14.79196328,NA,NA,48.0509057923892,-122.830147998432,"48.0511 -122.3839 TRUE",2.53971169473684,12.37635666
"41","156371-6_16","hake",214,243,48.0511,-122.3839,"Jun 7 2016",2016,2010,12.61,11.9741935,10.8,9.06785714,12.6928571,25.48385564,24.46458858,22.05235751,20.73523417,16.8109475,-13.63907689,17.12354685,12.2763205,25.38099572,6.369617458,22.8597516,NA,NA,48.0511478498261,-122.312079672214,"48.0511 -122.3839 TRUE",3.7037505722807,19.011378262
"42","156371-11_16","hake",170,189,48.0511,-122.3839,"Jun 7 2016",2016,2010,12.61,11.9741935,10.8,9.06785714,12.6928571,22.45595221,20.55768909,19.28591228,18.95928909,17.30529912,-4.939482006,14.99649912,12.47566844,23.19184012,6.850651327,NA,NA,NA,48.0510619935927,-122.694442000386,"48.0511 -122.3839 TRUE",3.23529627947368,16.341188793
"43","005105-1_35","herring",86,101,16,-122.485225,"2-Sep-35",1935,1930,10.7,10.5,10.5,10.1,10.7,NA,NA,NA,NA,NA,NA,NA,NA,22.11110976,5.347449722,NA,NA,NA,16.0001738444825,-122.396873975076,"16 -122.485225 TRUE",3.30941404175439,16.763660038
"44","005105-2_35","herring",85,104,16,-122.485225,"2-Sep-35",1935,1930,10.7,10.5,10.5,10.1,10.7,NA,NA,NA,NA,NA,NA,NA,NA,23.42128049,5.619732135,NA,NA,NA,16.000122640669,-122.934150636639,"16 -122.485225 TRUE",3.49149971140351,17.801548355
"45","004669-1_38","herring",88,102,3,-122.453718,"16-Oct-38",1938,1930,9.9,11,11.9,12.7,9.9,NA,NA,NA,NA,NA,NA,NA,NA,24.04474543,6.467086758,NA,NA,NA,2.99983563881097,-122.363145469802,"3 -122.453718 TRUE",3.45222081964912,17.577658672
"46","014963-1_39","herring",94,118,1,NA,"17-Feb-39",1939,1930,6.6,7.4,7.5,8.6,7.2,NA,NA,NA,NA,NA,NA,NA,NA,23.99829566,5.944799087,NA,NA,NA,0.999932238506619,NA,"1 NA TRUE",3.53570115315789,18.053496573
"47","005470-1_46","herring",86,105,10,-122.436,"6-Dec-46",1946,1940,7.7,8.1,9.4,10.3,8.1,NA,NA,NA,NA,NA,NA,NA,NA,24.90701712,7.550091324,NA,NA,NA,10.0001142129711,-122.461211499293,"10 -122.436 TRUE",3.41349575368421,17.356925796
"48","015670-1_52","herring",135,164,17,-124.606841,"1-Oct-52",1952,1950,9.8,10.2,10.5,10.4,9.5,NA,NA,NA,NA,NA,NA,NA,NA,23.34763222,4.032598203,NA,NA,NA,16.999982332269,-124.550025044808,"17 -124.606841 TRUE",3.75702351175439,19.315034017
"49","015670-5_52","herring",135,167,17,-124.606841,"1-Oct-52",1952,1950,9.8,10.2,10.5,10.4,9.5,NA,NA,NA,NA,NA,NA,NA,NA,23.64958815,4.812065469,NA,NA,NA,17.0000795944325,-125.019608284622,"17 -124.606841 TRUE",3.67324959315789,18.837522681
"50","015670-6_52","herring",122,155,17,-124.606841,"1-Oct-52",1952,1950,9.8,10.2,10.5,10.4,9.5,NA,NA,NA,NA,NA,NA,NA,NA,22.37801605,6.875218228,NA,NA,NA,16.9999388176501,-124.729268787998,"17 -124.606841 TRUE",3.08821014421053,15.502797822
"51","015670-2_52","herring",156,187,17,-124.606841,"1-Oct-52",1952,1950,9.8,10.2,10.5,10.4,9.5,NA,NA,NA,NA,NA,NA,NA,NA,25.04009649,6.746701754,NA,NA,NA,16.9998695157403,-124.43583200658,"17 -124.606841 TRUE",3.57778855017544,18.293394736
"52","015670-3_52","herring",146,180,17,-124.606841,"1-Oct-52",1952,1950,9.8,10.2,10.5,10.4,9.5,NA,NA,NA,NA,NA,NA,NA,NA,25.43617544,7.164245614,NA,NA,NA,16.9998109071493,-124.473664015384,"17 -124.606841 TRUE",3.57402277649123,18.271929826
"53","017061-1_63","herring",111,132,21,-122.9941,"20-Jun-63",1963,1960,10.2,9.6,8.5,7.8,10,23.15023953,24.14296637,22.17772655,20.69225841,18.37602419,-8.617341593,15.29394543,11.8501823,23.09259174,6.954014159,NA,NA,NA,20.999834914203,-123.091148004485,"21 -122.9941 TRUE",3.19975045280702,16.138577581
"54","15-495-01_63","herring",90,105,19,-123.017,"15-Jul-63",1963,1960,10.5,10.2,9.6,8.5,10.4,NA,NA,NA,NA,NA,NA,NA,NA,21.4031795,5.282507916,NA,NA,NA,19.000181640166,-122.775348229651,"19 -123.017 TRUE",3.19660904982456,16.120671584
"55","017127-1_63","herring",115,133,27,-122.87028,"16-Sep-63",1963,1960,10.6,10.8,10.5,10.2,10.5,NA,NA,NA,NA,NA,NA,NA,NA,23.38113543,4.745975182,NA,NA,NA,27.0001616518654,-123.133350482369,"27 -122.87028 TRUE",3.63774741192982,18.635160248
"56","017127-2_63","herring",132,158,27,-122.87028,"16-Sep-63",1963,1960,10.6,10.8,10.5,10.2,10.5,26.62356696,27.31371268,25.86639174,24.71482183,17.43982655,-12.45377817,21.91051327,11.25462773,26.85099123,6.257421053,NA,27.15115516,6.35319115,27.0000431934497,-122.94003751815,"27 -122.87028 TRUE",3.98132810122807,20.593570177
"57","041309-1_79","herring",86,105,15,-122.7601,"5-Jan-79",1979,1970,6.5,7.3,8.2,9.8,7.6,25.62669499,24.01072861,23.18153628,22.4129944,16.0821354,-10.17693805,17.36191357,12.41672006,25.80964897,6.378871681,NA,NA,NA,14.9998065485885,-123.250376546529,"15 -122.7601 TRUE",3.77732934894737,19.430777289
"58","022357-1_79","herring",192,230,12,-122.81465,"16-Jan-79",1979,1970,6.5,7.3,8.2,9.8,7.6,27.96962537,26.90194808,25.24469145,24.06934513,16.91634572,-15.53827198,18.63371681,9.81839115,26.29832743,6.369521534,24.36618879,NA,NA,11.9999836167254,-122.807567076845,"12 -122.81465 TRUE",3.86470278877193,19.928805896
"59","026570-1_80_notusing","herring",183,230,2,-122.7658,"17-Jan-80",1980,1980,7.7,8.6,9,9.8,6.5,NA,NA,NA,NA,NA,NA,NA,NA,NA,NA,NA,26.99830265,NA,2.00006582025494,-122.518323357126,"2 -122.7658 TRUE",NA,NA
"60","026570-2_80","herring",185,225,2,-122.7658,"17-Jan-80",1980,1980,7.7,8.6,9,9.8,6.5,27.16061711,25.96820236,24.09882094,21.45786608,17.92800649,-14.69940059,19.10426991,11.86934159,26.26486608,7.484686726,20.38034159,NA,NA,2.00008766957028,-122.368002585631,"2 -122.7658 TRUE",3.66318936035088,18.780179354
"61","026570-3_80","herring",173,213,2,-122.7658,"17-Jan-80",1980,1980,7.7,8.6,9,9.8,6.5,28.15343805,27.01428879,25.87090383,25.04835103,17.80028525,-11.90300796,18.85024189,13.22305339,26.64182448,7.522015634,NA,NA,NA,2.00002469075285,-122.61913558264,"2 -122.7658 TRUE",3.72277348175439,19.119808846
"62","029064-1_83","herring",140,170,7,-122.40843,"14-Apr-83",1983,1980,10,9.4,8.6,8.6,8.8,NA,21.06287611,20.75911209,19.94130206,18.130559,-8.902903835,20.09986431,12.79115634,23.67947375,5.339052802,19.76469027,NA,NA,7.00012148863403,-122.656641215839,"7 -122.40843 TRUE",3.58603876280702,18.340420948
"63","045046-1_85_notusing","herring",163,198,11,-122.8,"7-Oct-85",1985,1980,9.6,10.8,11.6,11.5,9.7,27.45071563,27.11166962,24.55773982,21.779341,22.79474454,NA,NA,24.63380413,NA,NA,NA,26.19076106,7.944181416,10.9998499858602,-122.404649701814,"11 -122.8 TRUE",NA,NA
"64","045083-1_86","herring",159,184,9,-122.8333,"29-Apr-86",1986,1980,8.4,8,6.6,7,8.2,26.85570678,26.44517109,23.74584307,21.73614484,23.57848348,-10.81316224,20.54439145,10.48967286,28.77614159,8.246859882,NA,NA,NA,9.00008658957118,-122.399277394455,"9 -122.8333 TRUE",3.97004942245614,20.529281708
"65","045486-1_87","herring",102,128.5,9,-122.8333,"25-Mar-87",1987,1980,8.3,7.9,7.6,7.8,8,25.74968614,22.41423009,22.97030619,21.21913156,22.86448791,-10.05376991,19.9918885,15.90225546,26.18236283,5.971380531,NA,NA,NA,9.00006023832355,-122.81929412456,"9 -122.8333 TRUE",3.91420742087719,20.210982299
"66","111228-1_89","herring",178,205,8,-122.5167,"16-May-89",1989,1980,9.5,8.2,6.8,5.8,9.6,26.15313982,25.15796519,23.6969764,22.51188378,17.36637729,-14.70591534,17.04860118,12.08536726,25.59420619,4.169602065,24.90582448,NA,NA,7.99982612407021,-122.433216096565,"8 -122.5167 TRUE",4.12712353070175,21.424604125
"67","111228-2_89","herring",134,162,8,-122.5167,"16-May-89",1989,1980,9.5,8.2,6.8,5.8,9.6,25.92956165,25.67453097,25.07276283,22.93532006,18.15559823,-8.581879941,17.70927286,12.81591947,25.336041,6.974779941,19.97626018,NA,NA,7.99998631906677,-122.6814839151,"8 -122.5167 TRUE",3.58969492263158,18.361261059
"68","117905-1_90","pollock",152,176,2,-122.7658,"11-May-90",1990,1990,9.9,9,8.2,7.7,9.5,NA,23.50632743,21.34051327,21.35807788,15.79379646,-6.609535103,22.98016814,14.98794395,23.70022891,5.141629499,NA,NA,NA,1.99988142122086,-122.407314533372,"2 -122.7658 TRUE",3.62431568614035,18.558599411
"69","110761-2_91_notusing","herring",163,193,6,-122.9514006,"7-May-91",1991,1990,9.7,9.7,8.4,7.9,9.9,27.04644543,27.72541711,23.43606608,21.61258702,21.14536637,NA,NA,NA,NA,NA,21.44277876,26.15387316,NA,6.00005171685899,-123.2501335734,"6 -122.9514006 TRUE",NA,NA
"70","110761-1_91","herring",191,231,6,-122.9514006,"7-May-91",1991,1990,9.7,9.7,8.4,7.9,9.9,29.23757345,30.12475221,27.43116401,24.61260619,16.30301416,-16.58026047,22.87898378,13.03934425,28.29123864,7.633827139,26.12647847,NA,NA,5.99994546749461,-123.104244153603,"6 -122.9514006 TRUE",3.99252833350877,20.657411501
"71","111763-1_91","pollock",260,320,13,-122.5025,"8-May-91",1991,1990,9.7,9.7,8.4,7.9,9.9,NA,22.77320649,23.6850354,22.83187434,19.42412389,-10.02520472,21.47611504,13.61329499,25.42005487,6.621567552,21.74084956,NA,NA,13.0000209218552,-122.447202489843,"13 -122.5025 TRUE",3.66640128385965,18.798487318
"72","110361-1_92","herring",166,196,14,-122.5249,"9-May-92",1992,1990,10.2,9.5,9.5,8.1,9.7,26.57195988,25.90835457,24.50453982,22.14650029,16.37200708,-12.54023245,18.52102301,12.6219115,25.93900413,6.403090265,22.48432743,NA,NA,14.0000245954471,-122.074569699868,"14 -122.5249 TRUE",3.7957743622807,19.535913865
"73","110357-1_92_notusing","herring",190,234,5,-122.9510071,"27-May-92",1992,1990,10.2,9.5,9.5,8.1,9.7,25.66800413,24.61305664,23.16143953,21.53555634,21.95335221,NA,NA,NA,NA,NA,23.0746792,26.31112212,3.790907375,4.99989069228871,-123.191653428028,"5 -122.9510071 TRUE",NA,NA
"74","110357-3_92_notusing","herring",165,201,5,-122.9510071,"27-May-92",1992,1990,10.2,9.5,9.5,8.1,9.7,26.58582419,23.63177935,24.18433628,19.38917286,19.39398201,-17.81548982,21.41414985,18.46630826,NA,NA,24.85270944,26.47425339,NA,5.00007740610987,-123.205801999989,"5 -122.9510071 TRUE",NA,NA
"75","110357-3_92","herring",165,201,5,-122.9510071,"27-May-92",1992,1990,10.2,9.5,9.5,8.1,9.7,NA,NA,NA,NA,NA,NA,NA,NA,NA,NA,NA,NA,3.924728909,5.00010349937305,-122.653006567487,"5 -122.9510071 TRUE",NA,NA
"76","110357-2_92","herring",156,192,5,-122.9510071,"27-May-92",1992,1990,10.2,9.5,9.5,8.1,9.7,29.0865823,28.16150147,26.82579823,23.95273746,14.46740944,-14.56979587,23.16376696,12.73816283,28.92047021,6.790529204,22.83903009,NA,NA,5.00013924107607,-123.348771889936,"5 -122.9510071 TRUE",4.25086684315789,22.129941006
"77","110357-4_92","herring",125,153,5,-122.9510071,"27-May-92",1992,1990,10.2,9.5,9.5,8.1,9.7,24.99875162,24.9336826,22.59843292,22.65636047,17.22795021,-8.653267257,17.52749204,11.93628378,24.0658767,6.787300885,22.07037227,NA,NA,5.00009313116334,-123.290797869886,"5 -122.9510071 TRUE",3.39975014298246,17.278575815
"78","110357-7_92","herring",169,208,5,-122.9510071,"27-May-92",1992,1990,10.2,9.5,9.5,8.1,9.7,27.6391941,27.75289056,25.37331604,25.06597404,17.91342531,-14.21420088,20.30380472,13.397359,27.08858171,6.704617994,23.77399174,NA,NA,4.99987033246262,-122.733998949907,"5 -122.9510071 TRUE",3.94455503789474,20.383963716
"79","110357-5_92","herring",156,191,5,-122.9510071,"27-May-92",1992,1990,10.2,9.5,9.5,8.1,9.7,27.74345133,26.87607257,26.45523923,23.91987198,17.32284543,-14.48023363,20.49723923,15.77552566,27.28729086,6.889043953,25.10467375,NA,NA,4.99995266717477,-122.6443048724,"5 -122.9510071 TRUE",3.94706086087719,20.398246907
"80","110357-6_92","herring",118,146,5,-122.9510071,"27-May-92",1992,1990,10.2,9.5,9.5,8.1,9.7,24.92605605,25.7973528,24.66751947,23.13562419,17.41883658,-7.52699764,17.4738528,13.79199469,24.94260649,7.244215044,NA,NA,NA,5.00007993514556,-123.142624101802,"5 -122.9510071 TRUE",3.47340200807018,17.698391446
"81","152946-5_07","pollock",111,130,23,-122.8867,"17-Nov-07",2007,2000,9,10,11,11.6,9.29,NA,22.14532448,19.79743658,20.49831681,16.69869469,-9.452169322,18.09208555,16.02341593,22.2564767,3.616477581,19.74047788,NA,NA,22.9999807546336,-123.099418983346,"23 -122.8867 TRUE",3.63859633666667,18.639999119
"82","152946-7_07","pollock",92,111,23,-122.8867,"17-Nov-07",2007,2000,9,10,11,11.6,9.29,22.59884232,21.73219598,20.43033098,19.87298759,20.3126211,-6.587877407,18.03746128,17.14768549,23.78202011,5.945191699,NA,NA,NA,22.9998076093944,-123.221061763579,"23 -122.8867 TRUE",3.49768919491228,17.836828411
"83","152946-8_07","pollock",101,121,23,-122.8867,"17-Nov-07",2007,2000,9,10,11,11.6,9.29,22.31565404,21.13945486,19.38217394,19.39264442,17.54900449,-7.539969833,20.15757424,15.00794181,22.85639238,4.791619598,20.65056418,NA,NA,22.9998292804481,-123.121405968575,"23 -122.8867 TRUE",3.5376794354386,18.064772782
"84","152946-10_07","pollock",104,121,23,-122.8867,"17-Nov-07",2007,2000,9,10,11,11.6,9.29,25.55861125,23.7521181,22.65298952,20.3076611,18.50956483,-3.810204108,21.37803616,14.66852182,24.42407745,6.528011125,22.44476508,NA,NA,23.0000436005953,-122.482084086933,"23 -122.8867 TRUE",3.50808181140351,17.896066325
"85","152946-11_07","pollock",100,119,23,-122.8867,"17-Nov-07",2007,2000,9,10,11,11.6,9.29,24.35000021,24.27783398,22.89390094,19.64915832,20.97951391,-4.817472828,20.69580424,17.66836607,23.44094951,6.469683355,16.97514763,NA,NA,22.9998044127311,-122.536670298,"23 -122.8867 TRUE",3.34583616754386,16.971266155
"86","152946-9_07_notusing","pollock",104,122,23,-122.8867,"17-Nov-07",2007,2000,9,10,11,11.6,9.29,24.42185216,24.17192255,21.05844951,20.44759906,NA,NA,NA,NA,NA,NA,19.55265768,23.7905567,NA,23.000126068734,-122.708660881409,"23 -122.8867 TRUE",NA,NA
"87","152919-3_09","pollock",99,115,24,-123.0488,"31-Oct-09",2009,2000,10.5,11.8,11.74,11.4,10.14,24.92924112,24.23664827,22.01469427,21.23976294,21.0785062,-4.192877621,21.01570753,19.47989153,23.70676209,6.965474112,NA,NA,NA,24.0000662157586,-123.278803561621,"24 -123.0488 TRUE",3.30548911894737,16.741287978
"88","151784-3_11","pollock",121,143,23,123.0458,"22-Oct-11",2011,2010,10.07,12.284,12.6,NA,10.19,24.45405584,23.55902739,21.94947347,21.55737527,19.34189538,-12.68051198,18.04019983,14.86454557,24.79286307,4.198191271,22.0614816,NA,NA,23.0001872315246,123.242540147677,"23 123.0458 TRUE",3.98152136824561,20.594671799
"89","151784-6_11","pollock",135,157,23,123.0458,"22-Oct-11",2011,2010,10.07,12.284,12.6,NA,10.19,24.88110719,23.85595678,22.07636478,21.71092341,19.78773021,-10.59933526,21.23183569,17.87408173,24.91021609,4.764620026,NA,NA,NA,23.0000609382168,123.280906063891,"23 123.0458 TRUE",3.90273615157895,20.145596064
"90","153264-3_13","pollock",137,160,22,-123.043,"9-Nov-13",2013,2010,7.85,9.51667,12.1083,12.4667,8.28333,24.23993603,23.24719213,21.05828263,21.11742961,15.504503,-6.097146555,21.25693838,15.67040565,23.56303937,5.422524176,22.78420946,NA,NA,22.0001940640776,-122.584003753755,"22 -123.043 TRUE",3.55096757789474,18.140515194
"91","157329-1_15","herring",127,156,18,-122.6001,"7-Jul-15",2015,2010,13.97,12.6928571,10.64,9.354,12.72903226,25.42921947,24.45078171,24.30012861,22.31518879,20.18020295,-9.175677876,15.75315634,13.55443422,25.08614277,5.898744543,NA,NA,NA,17.9998864850306,-122.210748371425,"18 -122.6001 TRUE",3.73463126789474,19.187398227
"92","157329-4_13","herring",117,143,18,-122.6001,"7-Jul-15",2015,2010,13.97,12.6928571,10.64,9.354,12.72903226,24.3591174,24.83683451,21.9630491,22.28656991,19.61039212,-10.86211239,16.18866608,13.84579263,23.88974395,5.980818584,NA,NA,NA,18.0001742219471,-122.463768122514,"18 -122.6001 TRUE",3.51033778350877,17.908925366
"93","157329-6_15","herring",126,151,18,-122.6001,"7-Jul-15",2015,2010,13.97,12.6928571,10.64,9.354,12.72903226,25.52489322,24.94470914,22.93859889,23.17851681,20.54120055,-7.839712684,17.62564543,17.17720118,24.4887823,7.800135693,NA,NA,NA,18.000125130356,-122.32562099374,"18 -122.6001 TRUE",3.29625379070175,16.688646607
"94","157329-2_15","herring",122,148,18,-122.6001,"7-Jul-15",2015,2010,13.97,12.6928571,10.64,9.354,12.72903226,24.66024779,23.32794572,23.31494572,21.02705782,20.42710206,-9.305077286,15.52894572,13.86159056,24.8244708,6.626582301,23.45025487,NA,NA,17.999839682595,-122.872539657551,"18 -122.6001 TRUE",3.56103307,18.197888499
"95","157329-7_15","herring",124,151,18,-122.6001,"7-Jul-15",2015,2010,13.97,12.6928571,10.64,9.354,12.72903226,25.23892625,24.56914631,23.25081298,22.34943835,17.72224661,-9.264487316,18.13481298,11.12526313,24.70575988,6.877676696,22.14642891,NA,NA,18.0000853404401,-122.629898116253,"18 -122.6001 TRUE",3.4961549445614,17.828083184
"96","155970-2_15","pollock",120,138,26,-123.043,"24-Oct-15",2015,2010,11.65,12.69,13.8142,13.9707677,11.69032258,24.78324012,23.68103953,22.60878407,21.10031858,18.65716991,-5.855958112,23.13121062,14.02471032,24.20184661,7.512700295,NA,NA,NA,26.0001331574125,-122.812383861361,"26 -123.043 TRUE",3.29634145877193,16.689146315
"97","155970-4_15","pollock",125,142,26,-123.043,"24-Oct-15",2015,2010,11.65,12.69,13.8142,13.9707677,11.69032258,25.57272684,24.35192596,23.38390944,21.97831121,19.25122153,-5.974837168,22.50284926,16.46963215,24.91993658,6.405417109,NA,NA,NA,26.0001526829749,-123.437164651937,"26 -123.043 TRUE",3.61658236333333,18.514519471
"98","157429-3_17","pollock",145,166,25,-123.0465,"28-Oct-17",2017,2010,10.32,12.73,NA,NA,NA,24.89937581,23.57433009,22.84796549,20.74319027,20.03440147,-10.05212035,20.83025634,15.93408348,24.77361209,5.665039528,NA,NA,NA,24.9998920299967,-122.801068424434,"25 -123.0465 TRUE",3.72080220385965,19.108572562
"99","157429-6_17","pollock",92,112,25,-123.0465,"28-Oct-17",2017,2010,10.32,12.73,NA,NA,NA,25.13019587,25.08621652,23.72975752,21.61418289,20.6944531,-9.67699941,24.33722832,19.64900531,25.43336873,6.189756342,NA,NA,NA,25.0000219097876,-122.854546464353,"25 -123.0465 TRUE",3.74449340140351,19.243612388
"100","000817-2_29","herring",89,109,4,-122.4509,"21-Dec-29",1929,1920,7.8,8.8,9.8,10.7,7.9,NA,NA,NA,NA,NA,NA,NA,NA,24.40034553,6.625145486,NA,NA,NA,4.00016119444855,-122.132577069181,"4 -122.4509 TRUE",3.48687720070175,17.775200044
"101","014963-3_39","herring",102,121,1,NA,"17 Feb. 1939",1939,1930,6.6,7.4,7.5,8.6,7.2,NA,NA,NA,NA,NA,NA,NA,NA,24.01718293,5.902427899,NA,NA,NA,1.00007240642756,NA,"1 NA TRUE",3.54644825105263,18.114755031
"102","00397-1_1909","herring",NA,NA,1,NA,"CAS!!!",1909,1900,NA,NA,NA,NA,NA,NA,NA,NA,NA,NA,NA,NA,NA,24.35568699,7.145376979,NA,NA,NA,1.00018456802042,NA,"1 NA TRUE",3.38777368614035,17.210310011
"103","103170-1_50","herring",165,185,20,-122.95349,"",1950,1950,8.42,NA,NA,NA,NA,NA,NA,NA,NA,NA,NA,NA,NA,23.81790068,3.74547032,NA,NA,NA,20.0001275065718,-122.737099351646,"20 -122.95349 TRUE",3.88990006315789,20.07243036
"104","103170-2_50","herring",160,180,20,-122.95349,"",1950,1950,8.42,NA,NA,NA,NA,NA,NA,NA,NA,NA,NA,NA,NA,24.69547374,5.938415525,NA,NA,NA,19.9998406332114,-122.821804228686,"20 -122.95349 TRUE",3.65913302017544,18.757058215
"105","110761-2_91_notusing","herring",NA,NA,1,NA,"",NA,NA,NA,NA,NA,NA,NA,NA,NA,NA,NA,NA,NA,NA,NA,NA,NA,NA,NA,6.799337168,1.00008802408529,NA,"1 NA TRUE",NA,NA
"106","002535-1_32","pollock",186,230,48.171236,-122.54911,"9-Oct-32",1932,1930,15,10.7,10.9,10.8,9.6,25.68858747,25.00995695,23.27073876,22.71369346,15.76399973,-6.508640872,24.95538665,14.0671406,24.9857109,7.095710627,23.04728065,NA,NA,48.1711902920953,-122.356265919433,"48.171236 -122.54911 TRUE",3.50701759175439,17.890000273
"107","002535-2_32","pollock",214,248,48.171236,-122.54911,"9-Oct-32",1932,1930,15,10.7,10.9,10.8,9.6,25.50465831,25.2161713,22.79557584,NA,15.12439982,-7.718293915,23.65165777,12.66702707,24.94487393,6.611273751,22.62285377,NA,NA,48.1711046979163,-122.074000702364,"48.171236 -122.54911 TRUE",3.58484213666667,18.333600179
"108","808377-1_51","pollock",251,296,47.69277,-122.4204,"27-Dec-51",1951,1950,8,8.5,9.5,10.9,8,31.30690442,29.33757168,29.01732861,27.27761239,19.21218053,-9.136886136,27.94333746,19.35088555,30.84062655,7.069362832,24.44077581,NA,NA,47.6929437092738,-122.519946094254,"47.69277 -122.4204 TRUE",4.53881819614035,23.771263718
"109","005732-1_49","pollock",98,114,47.69277,-122.4204,"25-Nov-49",1949,1940,13,9.7,10.5,10.2,8.2,24.57438832,23.56164335,20.94140101,19.42216303,21.17523556,-6.95408451,17.00854065,16.74462366,23.25774711,5.083380188,17.69004193,NA,NA,47.6928816938603,-122.611969174437,"47.69277 -122.4204 TRUE",3.55690647754386,18.174366922
"110","005732-2_49","pollock",98,114,47.69277,-122.4204,"25-Nov-49",1949,1940,13,9.7,10.5,10.2,8.2,23.46306397,NA,NA,NA,NA,NA,NA,NA,NA,NA,NA,NA,NA,47.6926120161949,-121.99914970633,"47.69277 -122.4204 TRUE",NA,NA
"111","005732-2_49","pollock",103,123,47.69277,-122.4204,"25-Nov-49",1949,1940,13,9.7,10.5,10.2,8.2,NA,22.53273984,20.41150556,19.48742597,17.76372764,-3.800270218,11.76262666,24.75815126,23.12578562,5.732790971,20.2548757,NA,NA,47.692608485328,-122.260120135282,"47.69277 -122.4204 TRUE",3.41982362263158,17.392994649
"112","004713-1_40","pollock",105,120,47.76239157,-122.3912466,"27-Feb-40",1940,1940,12,7.9,8.5,NA,6.6,23.84349101,21.28457724,21.08396299,19.47436436,23.07236992,-3.487067394,19.17514442,19.56911532,24.23961874,7.31302546,15.94613415,NA,NA,47.7625107369861,-122.180487440987,"47.76239157 -122.3912466 TRUE",3.33799882105263,16.92659328
"113","005779-1_49","pollock",123,144,47.4166372,-123.13875,"20-Dec-49",1949,1940,9,7.9,8.5,NA,6.6,26.41696128,NA,NA,NA,NA,NA,NA,NA,NA,NA,NA,NA,NA,47.4165668720951,-122.666734747757,"47.4166372 -123.13875 TRUE",NA,NA
"114","005779-1_49","pollock",123,144,47.4166372,-123.13875,"20-Dec-49",1949,1940,9,8.7,9.5,10.5,7,NA,26.28643795,23.85654919,22.79169063,19.37263436,-4.272590287,23.33413415,18.90635195,26.04062687,7.255034446,NA,NA,NA,47.4166300526822,-123.205153265404,"47.4166372 -123.13875 TRUE",3.66413902175439,18.785592424
"115","029064-2_83","pollock",138,166,47.6953133,-122.40843,"14-Apr-83",1983,1980,3,9.3,8.6,8.6,8.8,22.61412067,20.58880873,19.34805948,18.98551712,20.07697625,-4.868971117,16.97519619,21.39397368,23.11494651,7.915616602,NA,NA,NA,47.6951921809209,-122.00519879714,"47.6953133 -122.40843 TRUE",3.03497015929825,15.199329908
"116","005761-1_49","pollock",201,229,48.65481151,-122.8889092,"25-Aug-49",1949,1940,4,10.3,10.1,9.4,10.7,27.89019191,25.97890693,23.89272378,22.02636928,20.41536821,-7.933468763,23.06478455,17.92494459,26.00077364,5.955468335,19.65431108,NA,NA,48.6546312493867,-123.194652460376,"48.65481151 -122.8889092 TRUE",3.88514128157895,20.045305305
"117","005697-1_49","pollock",102,119,48.47625184,-122.8345463,"25-Aug-49",1949,1940,4,10.3,10.1,9.4,10.7,24.52820088,21.79322434,20.80231239,20.28884248,21.54542611,-2.195223894,17.97266416,18.38020044,24.62490531,5.932422566,NA,NA,NA,48.4763598885804,-123.294600885266,"48.47625184 -122.8345463 TRUE",3.64780399017544,18.692482744
"118","005697-3_49","pollock",95,107,48.47625184,-122.8345463,"25-Aug-49",1949,1940,4,10.3,10.1,9.4,10.7,22.42590287,20.71924262,18.49325118,18.7451718,19.08894288,-5.390074668,19.03107552,16.75699636,21.50481729,4.398284981,NA,NA,NA,48.4762123454515,-122.44623790623,"48.47625184 -122.8345463 TRUE",3.36956707175439,17.106532309
"119","002282-1_32","pollock",92,114.5,48.63306027,-122.8702761,"8/12/32",1932,1930,6,10.8,10.4,9.3,11,21.95482634,19.4642267,17.97328933,17.48639055,15.90507738,-1.997492371,19.39502516,11.30106975,21.3197713,6.50801535,18.75996094,NA,NA,48.6331404691709,-122.994973538004,"48.63306027 -122.8702761 TRUE",2.96697472807018,14.81175595
"120","002282-2_32","pollock",86,105,48.63306027,-122.8702761,"8/12/32",1932,1930,6,10.8,10.4,9.3,11,13.82916667,NA,NA,NA,NA,NA,NA,NA,NA,NA,NA,NA,NA,48.6329829524982,-122.624016509774,"48.63306027 -122.8702761 TRUE",NA,NA
"121","002282-3_32","pollock",87,105,48.63306027,-122.8702761,"8/12/32",1932,1930,6,10.8,10.4,9.3,11,21.57001711,19.40853215,17.39255162,17.16462537,16.57010206,-2.427452507,19.50258761,13.73461298,21.50980826,5.285866077,17.75248732,NA,NA,48.6329075097635,-122.969031739358,"48.63306027 -122.8702761 TRUE",3.21472669877193,16.223942183
"122","002282-4_32","pollock",87,105,48.63306027,-122.8702761,"8/12/32",1932,1930,6,10.8,10.4,9.3,11,21.885259,21.02783156,18.75632743,18.53410472,17.61511976,-2.609712094,16.95398142,12.93748614,22.46221239,5.958432448,NA,NA,NA,48.6330374026194,-123.199675997713,"48.63306027 -122.8702761 TRUE",3.26382104245614,16.503779942
"123","002887-2_1906","pollock",95,111,48.68353053,-123.0025709,"7/9/06",1906,1900,NA,NA,NA,NA,NA,18.83616667,9.755421801,21.4925614,22.79416667,18.95666667,-7.279166667,20.34419298,22.41989474,26.8805,4.644166667,18.09,NA,NA,48.6836996621105,-123.458932182345,"48.68353053 -123.0025709 TRUE",4.26953216368421,22.236333333
"124","002887-3_1906","pollock",101,118,48.68353053,-123.0025709,"July 9 1906",1906,1900,NA,NA,NA,NA,NA,22.00202596,22.00967522,20.2159174,20.04763274,19.01981003,-6.719169322,20.14817316,15.90253923,23.71130678,5.993187611,NA,NA,NA,48.6835944435949,-123.023852917101,"48.68353053 -123.0025709 TRUE",3.47686301210526,17.718119169
"125","002667-1_33","pollock",131,157,48.0182854,-122.32946,"19-Apr-33",1933,1930,11,7.1,6.7,7.1,8.2,25.47155948,23.91619512,22.28207039,21.15485815,22.6506626,NA,22.7962822,19.84079226,25.09709499,5.443720368,NA,NA,NA,48.0183444534678,-122.809799933993,"48.0182854 -122.32946 TRUE",3.81638151263158,19.653374622
"126","002667-2_33","pollock",113,133,48.0182854,-122.32946,"19-Apr-33",1933,1930,11,7.1,6.7,7.1,8.2,24.89201262,23.45760976,22.03634168,21.09755563,18.0541748,-7.665655327,22.72602332,15.97714356,24.2108451,5.38426979,NA,NA,NA,48.0184105480381,-122.549932341152,"48.0182854 -122.32946 TRUE",3.67132900175439,18.82657531
"127","002667-3_33","pollock",130,145,48.0182854,-122.32946,"19-Apr-33",1933,1930,11,7.1,6.7,7.1,8.2,25.45528562,26.87911232,22.88824227,21.68484168,22.81496941,NA,19.34385772,20.28788297,24.66856055,6.229814078,NA,NA,NA,48.0184467890687,-122.629725051601,"48.0182854 -122.32946 TRUE",3.60328885473684,18.438746472
"128","002566-1_32","pollock",209,245,48.01616826,-122.3022468,"29-Sep-32",1932,1930,5,10.9,10.8,10.4,10.7,24.78261083,24.2183252,22.56090094,22.5067285,21.10088211,-8.147168806,25.71888554,21.45146662,24.27936885,5.632574882,NA,NA,NA,48.0162482235776,-122.530657320389,"48.01616826 -122.3022468 TRUE",3.6397884154386,18.646793968
"129","110122-1_82","pollock",90,107,47.45056435,122.3855452,"10-Sep-82",1982,1980,7,11.8,11.4,10.7,10.2,22.73317843,21.12635901,19.73148866,19.81284446,21.34395956,-3.576022893,17.49780252,18.99668656,22.1878819,8.025617458,NA,NA,NA,47.4504499237947,122.100690197444,"47.45056435 122.3855452 TRUE",2.85302884947368,14.162264442
"130","110122-2_82","pollock",96,111,47.45056435,122.3855452,"10-Sep-82",1982,1980,7,11.8,11.4,10.7,10.2,25.66265664,24.15159086,22.54785959,21.27205192,20.03270413,-2.982862537,19.31353953,16.57126165,25.65313982,6.645544248,NA,NA,NA,47.4507611620916,122.40152765056,"47.45056435 122.3855452 TRUE",3.70308694245614,19.007595572
"131","117905-2_90","pollock",134,162,47.1413,-122.7658,"11-May-90",1990,1990,17,9,8.2,7.7,9.5,23.96086844,23.42772743,20.61647847,19.94914926,17.67351209,-5.283762242,20.8069115,14.56537758,24.35134395,6.696758702,20.85948614,NA,NA,47.1411293278676,-122.299264091303,"47.1413 -122.7658 TRUE",3.46571671017544,17.654585248
"132","17119-1_64","pollock",160,187,47.5463,-122.6472,"19-Feb-64",1964,1960,10,8.2,8.7,9.9,7.5,27.08062987,24.03531365,23.84844758,23.98384703,25.24134767,-11.38881023,20.20892362,20.01360141,26.36962388,6.071093282,NA,NA,NA,47.5464835609986,-123.138073161333,"47.5463 -122.6472 TRUE",3.92956677157895,20.298530598
"133","111763-2_91","pollock",260,320,47.8606,-122.5025,"8-May-91",1991,1990,16,8.4,7.9,7.7,7.1,29.99400265,28.48789115,28.4153177,14.77052389,NA,-14.02134336,26.90786726,19.37806637,29.76831593,5.890738053,26.2786292,NA,NA,47.8605679842791,-122.086510806904,"47.8606 -122.5025 TRUE",4.55746980298246,23.877577877
"134","152946-4_07","pollock",114,134,48.5758,-122.8867,"17-Nov-07",2007,2000,14,10,11,11.6,9.29,22.3945705,22.13760944,20.57554779,19.37713451,20.45958732,-6.236173746,15.96947493,14.96609587,23.25538968,4.748432743,22.07637552,NA,NA,48.5759161813674,-123.315911833966,"48.5758 -122.8867 TRUE",3.61525560298246,18.506956937
"135","152946-6_07","pollock",102,118,48.5758,-122.8867,"17-Nov-07",2007,2000,14,10,11,11.6,9.29,23.60587139,22.34893982,21.24772035,20.11317581,21.60814336,-7.764254867,17.70409735,16.98311799,24.54102832,5.281245428,24.57018525,NA,NA,48.5758417249012,-123.24289131595,"48.5758 -122.8867 TRUE",3.74733033192982,19.259782892
"136","017150-1_64","pollock",320,387,47.6953133,-122.40843,"19-Feb-64",1964,1960,10,8.2,8.7,9.9,7.5,27.0584118,24.39152448,24.75209853,23.87829971,24.23581475,NA,NA,NA,28.34800413,4.647300885,NA,NA,NA,47.6951584579807,-122.434809770169,"47.6953133 -122.40843 TRUE",4.52643916578947,23.700703245
"137","017150-2_64","pollock",275,320,47.6953133,-122.40843,"19-Feb-64",1964,1960,10,8.2,8.7,9.9,7.5,26.8473543,24.88086393,23.8602101,24.3685077,18.70266431,-12.83119534,23.11452995,17.96691121,25.9468926,4.633760804,NA,NA,NA,47.6952666936236,-122.6496316547,"47.6953133 -122.40843 TRUE",4.10756698175439,21.313131796
"138","002282-2_32","pollock",86,105,48.6330603,-122.87028,"8/12/32",1932,1930,6,10.8,10.4,9.3,11,NA,21.2991327,17.34729825,17.3805,20.632,NA,NA,NA,25.44683333,2.998833333,NA,NA,NA,48.6329436909044,-123.169539547468,"48.6330603 -122.87028 TRUE",4.30666666614035,22.447999997
"139","002887-1_1906","pollock",NA,NA,48.6835305,-123.00257,"9-Jul-06",1906,1900,2,NA,NA,NA,NA,22.90093451,NA,NA,NA,NA,NA,NA,NA,NA,NA,NA,NA,NA,48.683355853939,-122.732327732456,"48.6835305 -123.00257 TRUE",NA,NA
"140","002887-1_1906","pollock",NA,NA,48.6835305,-123.00257,"9-Jul-06",1906,1900,1,NA,NA,NA,NA,NA,22.3436413,21.53602655,21.13344543,20.42916106,NA,20.91090029,17.50107906,24.60504425,6.348087316,NA,NA,NA,48.6833876946188,-122.553455387793,"48.6835305 -123.00257 TRUE",3.57139595333333,18.256956934
"141","152939, 2012-2013","sole",118,122,48.54748,-122.9941,"23 Oct. 2013",2013,2010,9.516666667,12.10833333,12.46666667,12.65,9.6875,NA,NA,NA,NA,NA,NA,NA,NA,23.30057895,6.623473684,NA,NA,NA,48.5474129635235,-122.593151866273,"48.54748 -122.9941 TRUE",3.29422899403509,16.677105266
"142","155836, 2015","sole",110,129,47.9877331,-122.22769,"2-Sep-15",2015,2010,12.59,13.8142857,13.9709677,12.6928571,13.31428571,23.3165614,21.61517544,21.20834211,20.58616667,19.47216667,4.929719298,20.97661404,11.56000877,22.91676316,9.112245614,15.76185088,NA,NA,47.9878418391527,-122.312164690604,"47.9877331 -122.22769 TRUE",2.79026623614035,13.804517546
"143","158625_01,2018","sole",147,173,48.54748,-122.9941,"27-Oct-18",2018,2010,10.5097,12.53,13.2323,13.0806,10.3226,23.45726316,21.59289474,20.93522807,20.49816667,14.704,0.342035088,19.70896491,10.75089474,22.47317544,5.761719298,14.71378947,NA,NA,48.5474817989792,-122.854000208866,"48.54748 -122.9941 TRUE",3.30025546350877,16.711456142
"144","158631, 2018","sole",124,143,48.54748,-122.9941,"27 Oct. 2018",2018,2010,10.5097,12.53,13.2323,13.0806,10.3226,25.52207018,23.21610526,24.05827193,21.40216667,17.0605,3.588298246,21.76703509,11.86960526,25.39965789,7.283614035,15.51037719,NA,NA,48.5474271762909,-122.995663318998,"48.54748 -122.9941 TRUE",3.54667436052632,18.116043855
"145","10394_01, 1952","sole",111,133,47.91081,-122.4045,"9-Jun-52",1952,1950,9.6,9,8.2,7.6,10.2,21.16296404,20.61782267,19.76302011,NA,25.48396491,19.39993812,-5.423120445,20.50542605,21.96931721,7.762652429,7.701559514,NA,NA,47.9108397148332,-122.398477613908,"47.91081 -122.4045 TRUE",2.86081838263158,14.206664781
"146","17077_01, 1964","sole",172,202,48.54748,-122.9941,"2/18/64",1964,1960,7.5,7.1,7.8,8.3,7.4,22.15582018,24.72716464,23.15545951,23.26012281,11.39624561,-6.207796559,16.365167,10.94223279,23.55604757,6.279672402,22.07284885,NA,NA,48.5473136204094,-123.091851626572,"48.54748 -122.9941 TRUE",3.3993640645614,17.276375168
"147","17077_02, 1964","sole",132,159,48.54748,-122.9941,"2/18/64",1964,1960,7.5,7.1,7.8,8.3,7.4,21.08570439,22.13831606,19.94162119,20.09807018,16.07094737,-1.973113968,16.07284177,9.908219838,21.87345594,6.381210054,11.77875466,NA,NA,48.547487338708,-123.101252341236,"48.54748 -122.9941 TRUE",3.08635892736842,15.492245886
"148","5523_02, 1947","sole",129,153,47.79898,-122.436,"18-Aug-47",1947,1940,10.9,10.6,10.4,9.5,10.8,19.11640614,20.77006505,19.19693428,19.41163158,18.22969298,-1.882553914,14.25321694,11.14508623,20.66535472,6.056587922,18.22501242,NA,NA,47.798967821572,-122.410837136019,"47.79898 -122.436 TRUE",2.93136259614035,14.608766798
"149","5829, 1950","sole",111,130,47.71997,-122.5583,"4-May-50",1950,1950,8.7,7.7,6.6,5.8,9.4,22.21651491,24.29797409,21.81351511,21.66577193,16.69608772,-0.528045951,17.22322099,9.931746424,23.08339224,6.591856748,14.37279865,NA,NA,47.7198563971023,-122.222022726738,"47.71997 -122.5583 TRUE",3.26167289333333,16.491535492
"150","6013_01, 1950","sole",109,125,47.69277,-122.4204,"24-May-50",1950,1950,8.7,7.7,6.6,5.8,9.4,20.47826228,23.01007368,20.84404035,21.60859649,12.56605263,-2.00762193,15.88250439,8.690559649,21.62908509,6.954941228,6.051301754,NA,NA,47.6927387196265,-122.147780186495,"47.69277 -122.4204 TRUE",2.94283225649123,14.674143862
"151","026115_02, 1975","sole",116,139,47.66411,-122.4601,"2-Dec",1975,1970,7.8,9.2,9.6,10.4,8.2,19.26472165,22.53991873,21.21017663,20.86357729,31.9115,-1.502846805,19.23656174,9.902902227,20.67780321,5.611735524,15.77734085,NA,NA,47.6639365614511,-122.590562047274,"47.66411 -122.4601 TRUE",3.01159082210526,15.066067686
"152","026121, 1983","sole",120,147,47.7007,-122.4243,"4/14/83",1983,1980,10,9.3,8.6,8.6,8.8,21.20512399,26.14992165,23.25898131,23.47762183,29.17816667,-5.197264111,20.26126272,8.825548448,22.5439759,5.282535086,16.00241935,NA,NA,47.7006225118146,-122.776971040222,"47.7007 -122.4243 TRUE",3.39674400245614,17.261440814
"153","111197_01, 1975","sole",131,153,47.66411,-122.4601,"Jul-75",1975,1970,10.2,9.4,8.7,7.7,10,21.19616141,23.38626009,20.44905615,20.09736645,23.15116667,-2.891744396,18.24865612,9.617179336,21.38519478,4.059267652,NA,NA,NA,47.6639715716876,-122.140853719233,"47.66411 -122.4601 TRUE",3.40805739087719,17.325927128
"154","16925, 1963","sole",140,167,47.69277,-122.4204,"Spring 1963; 1/1/1963 online",1963,1960,9.0225,NA,NA,NA,8.75,22.17042574,25.50825717,21.71958481,21.87365524,20.2295,-6.479660424,20.72495513,6.862199781,22.37368876,5.408801424,18.12189489,NA,NA,47.6927579424369,-121.97071215688,"47.69277 -122.4204 TRUE",3.34471707649123,16.964887336
"155","40644_01, 1979; 40664*","sole",122,147,48.09012,-122.7601,"5-Jan-79",1979,1970,6.5,7.3,8.2,9.8,7.6,21.18046316,22.88492895,20.03232632,20.14906652,20.47683333,-1.832474042,18.95234852,8.746830668,20.71690763,4.790867324,NA,NA,NA,48.0901849879388,-122.967935460957,"48.09012 -122.7601 TRUE",3.16246321157895,15.926040306
"156","026114_,1979","sole",114,137,47.7007,-122.4243,"29-3-79",1979,1970,7.5,6.9,6.5,7.3,8.3,21.69385962,22.88372362,20.24419325,20.33398916,16.36574561,-4.60974487,NA,17.11055882,21.82859303,5.010344834,13.23052632,NA,NA,47.7006854123041,-122.036439277277,"47.7007 -122.4243 TRUE",3.31899091157895,16.818248196
"157","10394_03, 1952","sole",124,146,47.91081,-122.4045,"9-Jun-52",1952,1950,9.6,9,8.2,7.6,10.2,18.74228943,23.20358543,19.40168987,19.37788373,11.16995175,NA,NA,NA,20.04628954,5.592017251,-4.673910515,NA,NA,47.910992353164,-122.217425621103,"47.91081 -122.4045 TRUE",2.90425829631579,14.454272289
"158","111168_01, 1975","sole",127,150,47.66411,-122.4601,"5-Jun-75",1975,1970,9.4,8.7,7.7,7.2,9.7,19.35351953,24.48040343,20.37316605,21.22558153,17.45312281,-7.608937276,NA,16.49010829,20.68658116,4.474706462,12.29335035,NA,NA,47.6641592786542,-122.94471400921,"47.66411 -122.4601 TRUE",3.21260959614035,16.211874698
"159","112218_1993","sole",128,151,47.66807,-122.5022,"15-Oct-93",1993,1990,10.1,11,11.2,11,10,23.28465316,24.94135962,21.76147893,22.87238474,13.28275439,-4.027184812,NA,18.42716561,23.5685096,6.53405659,16.06938138,NA,NA,47.6679671745889,-122.373663362362,"47.66807 -122.5022 TRUE",3.35692158070175,17.03445301
"160","48351_02, 1984","sole",130,152,47.67915,-122.4258,"4/17/84",1984,1980,9,8.4,7.8,7.5,10,21.38931307,22.49237276,19.72245173,20.46064378,15.00246491,-6.307043885,NA,16.12404841,21.1211644,5.067418218,15.63053874,NA,NA,47.6793231480781,-122.259452194364,"47.67915 -122.4258 TRUE",3.18486775122807,16.053746182
"161","16616_02, 1942","sole",167,204,47.79898,-122.436,"6/2/42",1942,1940,9.8,9.6,8.5,7.8,10.5,23.87978751,25.21493005,20.5587193,23.42731362,24.07296137,-6.096946915,18.00807018,19.07885462,26.1758027,8.962629354,16.54394737,NA,NA,47.7988125595398,-122.65090333525,"47.79898 -122.436 TRUE",3.38827602561403,17.213173346
"162","4491_01, 1939","sole",108,129,47.70962,-122.4065,"4/25/39",1939,1930,8.6,7.1,6.6,7.4,9.4,23.45956773,25.40101256,21.86698246,18.60080869,28.49683505,-7.454583644,13.02508772,13.35393494,26.21965338,9.480403359,7.916350877,NA,NA,47.70970383461,-121.96191879622,"47.70962 -122.4065 TRUE",3.30513158263158,16.739250021
"163","4579_01,1939","sole",105,125,47.67337,-122.4112,"5/23/39",1939,1930,10.3,8.6,7.1,6.6,10.6,20.08245235,22.78486816,17.0084386,18.49960898,20.71272278,-9.230802702,15.18630702,15.12246104,22.18983136,6.149882183,13.3520614,NA,NA,47.6733762059898,-122.367299762204,"47.67337 -122.4112 TRUE",3.18244722403509,16.039949177
"164","4925_02, 1941","sole",141,172,47.79898,-122.436,"May 13 1941",1941,1940,11.4,10,9,8.2,10.3,23.79567032,24.7920571,19.90589474,22.12607594,16.49461051,-3.817355093,18.66585965,16.09532048,25.24534268,8.465361008,13.3754386,NA,NA,47.7991282787601,-121.953577499824,"47.79898 -122.436 TRUE",3.31227748631579,16.779981672
"165","789_01, 1930","sole",99,123,47.58291,-122.4509,"3/8/30",1930,1930,7.1,6.6,6.5,7.8,7.1,24.78300548,25.04811899,20.82884211,23.09078058,10.83884911,-2.42683264,18.41495614,16.60271406,25.70164735,8.547441512,9.293657895,NA,NA,47.5827501237459,-122.691789233815,"47.58291 -122.4509 TRUE",3.37793084877193,17.154205838
"166","151702_08, 2007","sole",117,140,48.54748,-122.9941,"17-Nov-07",2007,2000,9,10,11,11.6,9.29,20.83489485,21.85242366,18.87577992,20.17701679,11.98067032,-8.599576634,18.38670047,7.083038627,20.28102906,3.374030522,15.92552859,NA,NA,48.547449608204,-123.120795210736,"48.54748 -122.9941 TRUE",3.33456114701754,16.906998538
"167","2269_02, 1932","sole",107,126,48.54748,-122.9941,"July 31 1932",1932,1930,10.8,10.4,9.3,8.2,11.5,20.79056846,20.49598043,17.47662731,18.97547171,8.286667762,0.87260701,18.52705681,5.315218255,20.96782205,4.263689157,15.24196524,NA,NA,48.5473339182367,-122.926142452018,"48.54748 -122.9941 TRUE",3.29897068298246,16.704132893
"168","477_01, 1930","sole",103,122,48.54748,-122.9941,"July 13 1930",1930,1930,10.6,10,9.3,8.2,10.8,22.85351588,21.69972559,19.07178394,20.3604801,12.49600292,0.07428536,18.95837371,8.027804235,21.76130325,4.028504418,21.6687962,NA,NA,48.5475429053188,-123.112948379635,"48.54748 -122.9941 TRUE",3.47943839157895,17.732798832
"169","5441_01, 1946","sole",152,180,47.79898,-122.436,"8-Nov-46",1946,1940,8.1,9.4,10.3,10.8,8.1,23.01035268,23.02333731,20.41404096,21.13187422,10.38683498,-0.821956152,20.08805188,8.458894049,22.16769974,4.085833735,14.90851453,NA,NA,47.7990242970563,-122.797956114118,"47.79898 -122.436 TRUE",3.54067824649123,18.081866005
"170","5523_01, 1947","sole",146,179,47.79898,-122.436,"18-Aug-47",1947,1940,10.9,10.6,10.4,9.5,10.8,22.92506499,24.39736871,21.16303695,22.44941092,11.06950237,-1.533818145,20.41904531,7.178128441,22.66175889,4.718693173,14.59924691,NA,NA,47.7989211884272,-122.295605066022,"47.79898 -122.436 TRUE",3.51632731877193,17.943065717
"171","026118_01, 1989","sole",139,170,47.5463,-122.6472,"1/13/89",1989,1980,7,7.9,8.7,9.6,7.4,24.27264224,22.76690124,19.70344878,19.79750862,10.70081501,-6.630539759,20.72160559,9.727628478,25.95540226,6.831700329,18.08832019,NA,NA,47.5463407089238,-122.255760738674,"47.5463 -122.6472 TRUE",3.72345647912281,19.123701931
"172","110373_07, 1992","sole",162,194,48.04189,-122.5249,"9-May-92",1992,1990,10.2,9.5,9.5,8.1,9.7,22.95779832,19.5763096,19.09592632,20.21982351,12.35419744,-4.45071245,16.44119321,8.014977145,23.44025476,4.279313326,14.22580029,NA,NA,48.042007765987,-122.848883448614,"48.04189 -122.5249 TRUE",3.72998972526316,19.160941434
"173","112208_01, 1993","sole",117,138,47.66807,-122.5022,"15-Oct-93",1993,1990,10.7,12.1,12.1,11.8,9.9,22.42885199,20.96164768,19.44203439,20.63007214,12.24726462,-1.624423293,16.49871457,10.03496838,23.59291048,5.045343994,11.63057357,NA,NA,47.668060203986,-122.288211224375,"47.66807 -122.5022 TRUE",3.62238008526316,18.547566486
"174","119958, 2008","sole",170,194,48.54748,-122.9941,"4-Oct-08",2008,2000,10.14,11.16,11.3,10.84,10,23.97569591,23.48290599,21.82989018,22.67175725,13.19854885,-8.109583936,18.01646028,10.33028638,23.40839131,4.314397663,16.79709346,NA,NA,48.5474757334487,-123.075169769414,"48.54748 -122.9941 TRUE",3.71824449947368,19.093993647
"175","48351_04, 1984","sole",134,162,47.67915,-122.4258,"4/17/84",1984,1980,9,8.4,7.8,7.5,10,22.64448616,21.86082621,19.0246379,19.06286039,18.10709923,-10.16303373,18.12268463,6.49827981,22.6838831,5.289753998,14.86584009,NA,NA,47.6793440160884,-122.114307153383,"47.67915 -122.4258 TRUE",3.42002264947368,17.394129102
"176","048602_01, 88","sole",158,187,47.58291,-122.4509,"11/7/88",1988,1980,8.7,9.6,10.6,11.4,9,23.29972822,22.39870767,20.15452457,21.46544527,15.59014053,-7.591173238,17.96341365,10.98723903,23.00378876,5.417219825,12.80810365,NA,NA,47.5827410527808,-122.530909179072,"47.58291 -122.4509 TRUE",3.45378402368421,17.586568935
"177","10394_02, 1952","sole",116,142,47.91081,-122.4045,"9-Jun-52",1952,1950,9.6,9,8.2,7.6,10.2,19.14544892,19.22079328,16.39609339,17.96172859,14.8739264,0.493920044,20.33475502,12.33000263,19.8211743,6.064957868,13.7574222,NA,NA,47.9106627055392,-122.598324892823,"47.91081 -122.4045 TRUE",2.78179235649123,13.756216432
"178","110373_02, 92","sole",134,164,48.04189,-122.5249,"9-May-92",1992,1990,10.2,9.5,9.5,8.1,9.7,23.79675268,21.66733764,21.08147127,22.00927623,14.40680372,-6.400879883,17.77845783,10.27500701,23.15590924,3.738332092,12.98934808,NA,NA,48.0418836712909,-122.557503954511,"48.04189 -122.5249 TRUE",3.77501353473684,19.417577148
"179","151702_06, 2007","sole",137,164,48.54748,-122.9941,"17-Nov-07",2007,2000,9,10,11,11.6,9.29,23.67447338,22.87342326,22.03737342,24.14322621,13.43858959,-7.750453268,18.46313253,10.61743728,23.43329478,3.359070135,14.12599996,NA,NA,48.5473914564879,-123.048509417218,"48.54748 -122.9941 TRUE",3.89021485,20.074224645
"180","151702_07, 2007","sole",111,134,48.54748,-122.9941,"17-Nov-07",2007,2000,9,10,11,11.6,9.29,24.07234085,23.62028872,20.63395575,21.74582862,18.25102132,-4.436599854,17.84807229,10.69047543,23.00406988,5.373481782,13.83245177,NA,NA,48.5473610131959,-123.219146087918,"48.54748 -122.9941 TRUE",3.46150668385965,17.630588098
"181","110373_05, 1992","sole",116,142,48.04189,-122.5249,"9-May-92",1992,1990,10.2,9.5,9.5,8.1,9.7,23.37808884,22.19994347,21.38158884,22.30308076,16.48775184,0.055558737,19.29753377,13.03242364,22.07129148,6.085723935,4.645471366,NA,NA,48.0419462377333,-122.049756831067,"48.04189 -122.5249 TRUE",3.1729065868421,15.985567545
"182","119986_01, 2008","sole",162,191,48.54748,-122.9941,"4-Oct-08",2008,2000,10.14,11.16,11.3,10.84,10,24.25021659,19.81949853,20.09304993,20.36495448,16.35746109,-5.248745228,18.52938399,5.635052129,21.70252056,3.733585903,12.46720705,NA,NA,48.5476601109977,-122.930808526698,"48.54748 -122.9941 TRUE",3.52086572929825,17.968934657
"183","113247_05","rock",208,224,48.1231,-122.4378,"11-Oct-05",2005,2000,10.4,11.5,12.1,11.6,10.6,25.25933215,27.29576814,27.42596106,26.85173009,17.76494661,-13.5164826,21.64785457,22.63294336,27.90429823,4.998944838,NA,NA,NA,48.1229711933735,-122.923618914735,"48.1231 -122.4378 TRUE",4.38690410385965,22.905353392
"184","006144_51","rock",210,252,48.0767949,-122.5445896,"7-Apr-51",1951,1950,8.1,6.7,6.9,7.5,7.7,27.63623805,25.1492351,24.89790885,24.77047758,15.18107192,-9.011081711,20.35916224,17.09809056,25.3624531,4.124530088,27.44134115,NA,NA,48.0766277093904,-122.098984750052,"48.0767949 -122.5445896 TRUE",4.09437245824561,21.237923012
"185","022341_79","rock",147,181,47.83863598,-122.8146474,"16-Jan-79",1979,1970,6.5,7.3,8.2,9.8,7.6,28.17330324,27.05920029,26.41848319,26.16206696,16.4104177,-12.71307463,23.51165634,18.98008112,26.49413097,4.384626254,26.59914779,NA,NA,47.8386648364243,-122.479650056074,"47.83863598 -122.8146474 TRUE",4.24728152912281,22.109504716
"186","000765-1_29*correct755_01","rock",138,159,47.58291,-122.4509,"25-Oct-29",1929,1920,9.8,10.7,10.8,10.8,9.2,25.69723953,8.739487316,24.58442065,21.4311705,26.97319646,21.05921711,18.85976814,16.37799823,23.03823422,5.197164012,9.805148083,NA,NA,47.5830974239759,-122.2476186748,"47.58291 -122.4509 TRUE",3.49843336982456,17.841070208
"187","000755-2_29","rock",160,188,47.58291,-122.4509,"25-Oct-29",1929,1920,9.8,10.7,10.8,10.8,9.2,25.37499401,27.05821374,22.97213889,34.38344159,NA,NA,NA,NA,23.63252717,5.355038725,NA,NA,NA,47.5828715708629,-122.367132882654,"47.58291 -122.4509 TRUE",3.57499797280702,18.277488445
"188","014383_58","rock",192,232,47.67337,-122.4112,"26-Apr-58",1958,1950,9.3,8.6,8.3,8,8.1,27.45594977,25.23896347,27.8620468,24.08861404,16.64427626,0.862818493,19.42625457,24.74711872,25.86678082,3.681938356,35.41107306,NA,NA,47.6735193712399,-122.641975106436,"47.67337 -122.4112 TRUE",4.26049867789474,22.184842464
"189","005968_49","rock",214,260,47.72017,-122.3893,"28-Jul-49",1949,1940,10.3,10.1,9.4,8.3,10.8,28.22879705,28.78392389,26.2993528,25.53836401,13.39216781,-11.73251976,21.30369027,16.67447257,26.75511681,5.869906195,29.83772611,NA,NA,47.7203390233856,-122.800246404224,"47.72017 -122.3893 TRUE",4.03249309035088,20.885210615
"190","005858_50","rock",200,235,47.69277,-122.4204,"26-Jun-50",1950,1950,9.4,8.7,7.7,6.6,10.1,28.33468493,25.01258904,25.83000571,25.23135088,15.30039954,-10.76899886,22.1448847,17.67683562,25.90766553,5.00476484,35.59848858,NA,NA,47.6929158553798,-122.366459583371,"47.69277 -122.4204 TRUE",4.0355966122807,20.90290069
"191","017149-1_64","rock",206,248,47.69531335,-122.4084323,"19-Feb-64",1964,1960,7.9,8.2,8.7,9.9,7.5,28.00809381,26.88195398,25.96668968,24.47648732,16.5873056,-13.53775752,22.77827729,14.89434513,26.48376814,5.349037758,24.2974118,NA,NA,47.6953846159053,-122.262626966959,"47.69531335 -122.4084323 TRUE",4.07626848807018,21.134730382
"192","017149-2_64","rock",230,277,47.69531335,-122.4084323,"19-Feb-64",1964,1960,7.9,8.2,8.7,9.9,7.5,27.82670737,28.68129764,25.64326785,21.72183097,17.58892507,NA,21.98324926,NA,25.84368555,5.414956637,26.27358437,NA,NA,47.695304850701,-122.248430801276,"47.69531335 -122.4084323 TRUE",3.95240858122807,20.428728913
"193","004662_40","rock",157,187,47.70962,-122.4065,"18-Apr-40",1940,1940,10,9,8.2,7.9,8.6,27.24669406,24.05088356,25.17496689,23.90252632,15.63951598,-1.552619863,21.97420205,16.85492009,25.87253995,5.001730594,35.42730137,NA,NA,47.7095250054729,-122.546925300171,"47.70962 -122.4065 TRUE",4.02996655368421,20.870809356
"194","111124_04","rock",170,210,47.6619,-122.4358,"12-Sep-04",2004,2000,11.2,11.9,11.8,11,11.4,26.6500154,25.66746898,28.01765426,25.54117244,18.57866645,-16.32818464,23.71273898,24.3142792,29.76614356,4.924379974,29.48635131,NA,NA,47.6620400978711,-122.353743303483,"47.6619 -122.4358 TRUE",4.72662519052632,24.841763586
"195","004994_39","rock",187,226,47.34787571,-122.3302701,"15-Jul-39",1939,1930,12.2,11.4,10.3,8.6,12.7,27.27213628,25.72342094,24.37668761,23.25805103,17.17058879,-10.1051236,18.74513245,14.77502773,24.85271947,6.05020826,22.72612448,NA,NA,47.3476905967532,-122.502678284873,"47.34787571 -122.3302701 TRUE",3.66710722982456,18.80251121
"196","022149_91","rock",209,248,47.6,-122.4833,"16-Nov-91",1991,1990,8.9,10.1,11.2,11,9.9,25.44298407,29.05303658,27.572141,26.47177286,14.1775292,-11.55351504,22.91062006,19.95790206,26.99394277,7.34200531,NA,NA,NA,47.6001645450842,-122.624252015394,"47.6 -122.4833 TRUE",3.81612937894737,19.65193746
"197","046719_59","rock",270,330,47.5463,-122.6472,"18-Dec-59",1959,1950,7.8,8.3,9.7,10.4,8.1,29.28346224,27.26215251,26.63749587,26.51374602,14.59512671,-13.50771298,21.82170206,15.14964218,26.85897522,4.637792625,26.98086696,NA,NA,47.5463281039778,-123.047653977896,"47.5463 -122.6472 TRUE",4.26687413947368,22.221182595
"198","006092_49","rock",191,230,47.1413,-122.7658,"25-Nov-49",1949,1940,8.7,9.5,10.5,10.2,8.2,27.52992854,28.00153766,24.57729444,31.13721994,NA,NA,NA,32.35825749,25.56462174,6.068664313,NA,NA,NA,47.1411500331076,-122.75504698068,"47.1413 -122.7658 TRUE",3.78876446087719,19.495957427
"199","005878_50","rock",146,185,47.71981599,-122.4960739,"4-Feb-50",1950,1950,5.8,6.2,7.8,8.7,6.1,26.70181735,25.38327626,25.96802626,24.98731579,18.06900457,-10.28576142,19.93040297,18.30014384,25.56359475,5.030351598,35.20244749,NA,NA,47.7199468440827,-122.883639525315,"47.71981599 -122.4960739 TRUE",3.97074441263158,20.533243152
"200","005819_49","rock",179,211,47.1413,-122.7658,"20-Jul-49",1949,1940,10.3,10.1,9.4,8.3,10.8,25.5715982,28.18684745,NA,NA,NA,NA,NA,NA,25.15869148,7.335894951,NA,NA,NA,47.1412660091517,-122.647774614817,"47.1413 -122.7658 TRUE",3.49522746122807,17.822796529
"201","001339_28130","rock",NA,NA,48.54748,-122.9941,"June 24, 1928 (new card says 1930)",1928,1920,10.2,9.7,8.6,7.8,9.8,26.55500649,24.68926608,NA,22.43177227,13.10594867,-9.124918584,19.13653805,11.17887434,23.29729617,4.516644838,23.35651386,NA,NA,48.54762440891,-122.60384734994,"48.54748 -122.9941 TRUE",3.66327216350877,18.780651332
"202","155023_12","rock",200,220,48.54748,-122.9941,"19-Sep-12",2012,2010,11.7792,12.8778,11.9,10.9182,12.284,25.63027611,26.96892153,26.7001115,26.01099263,18.45932714,-11.1004059,20.09419676,18.62958643,26.85971416,5.266407965,NA,NA,NA,48.5474134476866,-122.694575168694,"48.54748 -122.9941 TRUE",4.15672038508772,21.593306195
"203","021293-1_88_notusing","rock",170,210,48.55006685,-122.9924021,"30-May-88",1988,1980,9.6,8.6,7.5,7.5,9.8,29.17166923,25.90614549,28.03170026,27.55949465,18.16261724,-12.93040051,NA,NA,NA,NA,NA,27.95300642,3.414504921,48.5501768782093,-123.255198551799,"48.55006685 -122.9924021 TRUE",NA,NA
"204","notusing_021293-2_88","rock",187,234,48.5500668,-122.9924,"30-May-88",1988,1980,9.6,8.6,7.5,7.5,9.8,22.91329086,27.89098643,27.24159823,26.34594985,17.78350044,-12.29028053,17.58409794,18.9182944,NA,NA,NA,26.26806962,NA,48.5499573352304,-123.446436899017,"48.5500668 -122.9924 TRUE",NA,NA
"205","001054_30128","rock",200,235,48.54748,-122.9941,"June 24, 1928 (1/3 cards say 1930)",1928,1920,10.2,9.7,8.6,7.8,9.8,25.85344307,24.02566578,22.29659912,20.81289174,NA,NA,19.29750708,NA,23.25114425,NA,NA,NA,NA,48.5476279285763,-122.715491272224,"48.54748 -122.9941 TRUE",NA,NA
"206","005476_47","rock",255,307,47.79898,-122.436,"3-Feb-47",1947,1940,7,7.1,7.7,8.1,7.7,27.29323658,26.63913038,25.90738525,25.08219292,15.19936416,-12.80294159,22.29584071,20.57359351,26.2503115,4.089749853,21.72148201,NA,NA,47.7990537977006,-122.809087928734,"47.79898 -122.436 TRUE",4.2562388854386,22.160561647
"207","004545_35","rock",113,144,47.94655399,-122.3128478,"13-Apr-35",1935,1930,7.8,7.5,7.2,7.2,9.2,23.50123064,25.00902118,21.15723333,25.09799872,NA,-8.522933333,13.80959167,27.48504588,22.96270389,5.50292576,23.94062366,NA,NA,47.9466936059386,-121.900085499836,"47.94655399 -122.3128478 TRUE",3.43154002280702,17.45977813
"208","005644_46","rock",178,216,47.79898,-122.436,"8-Nov-46",1946,1940,8.1,9.4,10.3,10.8,8.1,27.12715982,25.88690411,26.53865411,25.87582456,16.98178767,-6.503469178,17.01338699,22.99989498,25.39680251,4.146317352,33.48619178,NA,NA,47.7988640407762,-122.307109403788,"47.79898 -122.436 TRUE",4.09657634350877,21.250485158
"209","025983_79","rock",180,219,48.04189,-122.5249,"29-Mar-79",1979,1970,7.5,6.9,6.5,7.3,8.3,28.77690116,27.65773214,28.12312345,27.24028926,16.43631943,-10.96291356,19.20278177,15.91463928,27.62591955,5.953393881,NA,NA,NA,48.0418619873491,-122.088927265725,"48.04189 -122.5249 TRUE",4.17061853842105,21.672525669
"210","153558_12","rock",214,260,48.54748,-122.9941,"2-Sep-12",2012,2010,11.7792,12.8778,11.9,10.9182,12.284,24.69101926,28.26358622,28.58790116,26.88779889,21.87745807,-15.42902246,18.70117373,22.64905734,28.21030445,2.573474968,NA,NA,NA,48.5475123126462,-123.123934296616,"48.54748 -122.9941 TRUE",4.8661104354386,25.636829482
"211","110103_04","rock",240,285,48.58629059,-123.0157936,"14-May-04",2004,2000,10.4,9.1,8.3,7.9,9.9,27.556092,27.89109713,28.35463885,24.98907617,17.11178113,-13.79921844,24.20564484,17.8436258,28.256862,5.755713736,28.41438511,NA,NA,48.5864563715545,-122.709520682762,"48.58629059 -123.0157936 TRUE",4.31599092350877,22.501148264
"212","151116_08","rock",200,220,47.9084,-122.6146,"27-May-08",2008,2000,9.36,8.06,7.68,7.33,10,27.02150578,28.50384253,26.95087035,23.99360633,15.30735409,-13.27609007,22.33965212,18.95558387,27.215408,6.944475824,29.10525674,NA,NA,47.9083343226001,-122.911363041072,"47.9084 -122.6146 TRUE",3.92472494315789,20.270932176
"213","025984_79","rock",250,305,48.15745897,-122.7308413,"29-Mar-79",1979,1970,7.5,6.9,6.5,7.3,8.3,29.218635,26.77709457,28.50869683,27.42478819,17.32960954,-9.365060334,23.72846256,22.30592341,27.62725417,6.422494865,NA,NA,NA,48.1573992059851,-122.985869395873,"48.15745897 -122.7308413 TRUE",4.08855426403509,21.204759305
"214","025981_79","rock",123,148,48.5759421,-123.0375704,"July 2 and 3, 1979",1979,1970,10.8,10,9.5,8.3,10.4,25.79060077,26.20771031,24.99469341,23.80941506,16.44326851,-9.728386821,19.65785451,16.45242619,25.04016859,5.137651476,NA,NA,NA,48.5761395083258,-123.490098670902,"48.5759421 -123.0375704 TRUE",3.86009072175439,19.902517114
"215","025979_79","rock",165,197,47.91081,-122.4045,"23-Jun-79",1979,1970,10,9.5,8.3,7.5,10.3,26.34725015,24.46487729,25.33406136,24.63207729,15.4703705,-8.658020059,21.81562832,18.82358702,25.31138171,4.473545133,28.47579159,NA,NA,47.9109348168353,-122.798047917322,"47.91081 -122.4045 TRUE",4.02418185561403,20.837836577
"216","025985_83","rock",230,282,47.46898325,-122.3756079,"18-Feb-83",1983,1980,8.6,8.6,8.3,8.8,7.5,28.90660205,27.93378306,28.37346021,27.96732905,18.99566046,-10.50425374,21.54338982,22.7481365,27.8406718,4.982903937,NA,NA,NA,47.4691031606701,-122.763439846362,"47.46898325 -122.3756079 TRUE",4.3785557654386,22.857767863
"217","005697-4_49","pollock",102,123,6,-122.83455,"25-Aug-49",1949,1940,10.2,10.3,10.1,9.4,10.7,23.28210526,21.90498246,20.60347368,19.91401754,17.73742105,-3.056947368,16.63806849,8.808523894,22.68736842,7.178438596,NA,NA,NA,5.99995061932849,-123.082787823679,"6 -122.83455 TRUE",3.08928593403509,15.508929824
"218","021293-1_88r_using","rock",170,210,8,-122.9924021,"30-May-88",1988,1980,9.6,8.6,7.5,7.5,9.8,28.70415789,27.97114035,27.16071053,NA,20.14429825,-14.51642105,11.87876941,NA,27.4277193,8.909324561,28.75533333,NA,NA,7.99992732827682,-122.874409276976,"8 -122.9924021 TRUE",3.61726223491228,18.518394739
"219","155505-6_14","pollock",101,120,9,-123.0425,"25-Oct-14",2014,2010,11.69,13.3143,12.9211,12.729,9.51677,26.46070855,28.88317956,26.79645162,25.55343009,18.59257522,-2.475379351,22.55472832,17.20453392,30.0946646,10.87438319,12.6509531,NA,NA,9.00013238674635,-123.138704739841,"9 -123.0425 TRUE",3.74040024736842,19.22028141
"220","021293-2_88using","rock",187,234,7,-122.9924,"30-May-88",1988,1980,9.6,8.6,7.5,7.5,9.8,27.96673215,27.28657006,26.73301357,25.26030619,15.77226549,-11.65928791,17.90991563,11.75270796,27.74738879,6.064756342,25.53278348,NA,NA,7.00008012203639,-123.11523070894,"7 -122.9924 TRUE",4.17239165754386,21.682632448
"221","152946-9_07_using","pollock",104,122,10,-122.8867,"17-Nov-07",2007,2000,9,10,11,11.6,9.29,24.56853156,23.63568842,22.19815369,21.34402596,18.02773156,-6.822565192,22.40774012,16.82906195,24.85031652,6.002167847,NA,NA,NA,10.0001766318919,-123.307551963707,"10 -122.8867 TRUE",3.6751138022807,18.848148673
"222","026570-1_80_using","herring",183,230,2,-122.7658,"17-Jan-80",1980,1980,7.7,8.6,9,9.8,6.5,28.51403805,27.73101947,25.53721121,22.50612006,16.62809853,-13.32102006,23.6955767,14.81471121,26.70323628,8.65050944,22.65882773,NA,NA,2.00010449409978,-122.604711611004,"2 -122.7658 TRUE",3.5355661122807,18.05272684
"223","045046-1_85r_using","herring",163,198,5,-122.8,"7-Oct-85",1985,1980,9.6,10.8,11.6,11.5,9.7,28.46856608,27.79573923,NA,23.39011416,26.97457935,-11.76301416,22.54524041,14.85125693,27.0249413,8.879565487,8.122054867,NA,NA,5.00019849033291,-122.577997745015,"5 -122.8 TRUE",3.55182031807017,18.145375813
"224","045245-1_87r_using","herring",161,203,5,-122.8,"13-Oct-87",1987,1980,10,11.1,11.5,11.1,9.8,23.42271209,26.10394572,24.29691622,25.4407764,24.64818997,NA,NA,25.34224956,25.57788673,7.430024189,NA,NA,NA,5.00003378588734,-123.260280250147,"5 -122.8 TRUE",3.55225658614035,18.147862541
"225","110357-1_92r_using","herring",190,234,3,-122.9510071,"27-May-92",1992,1990,10.2,9.5,9.5,8.1,9.7,28.09524484,26.93558053,26.43197876,23.95507375,19.29901357,-19.27563245,17.43874808,11.01139764,27.77043776,5.740948083,21.35126844,NA,NA,3.00004152695388,-122.81459718072,"3 -122.9510071 TRUE",4.23324380298246,22.029489677
"226","110357-3_92_using","herring",165,201,3,-122.9510071,"27-May-92",1992,1990,10.2,9.5,9.5,8.1,9.7,28.4335531,28.14007168,26.94699941,23.96645575,16.87206519,-19.3356472,20.30055782,12.88688142,27.50469735,6.067976106,21.7564056,NA,NA,3.00014581923578,-123.132494443976,"3 -122.9510071 TRUE",4.12924934105263,21.436721244
"227","110761-2_91_using","herring",163,193,4,-122.9514006,"7-May-91",1991,1990,9.7,8.4,7.9,7.7,9.9,28.13940855,27.59505988,25.60080472,23.11085398,17.86757847,-14.10755575,21.15130413,10.59408201,26.33715457,8.56300413,21.66325516,NA,NA,3.99992809810247,-123.111346972383,"4 -122.9514006 TRUE",3.48669305964912,17.77415044
