hostsp,hostid,AA,drift,driftadj,diff,finalvalue,samplestd,date_collected,year,lag0_temp,lag1_temp,lag2_temp,lag3_temp,lag12_temp,decade,tl,sl,location,lat,long,
pollock,002535-1_32,ala,0.417212534,26.29778747,0.6092,25.68858747,0.057982756,9-Oct-32,1932,9.6,10.7,10.9,10.8,9.6,1930,230,186,Island near Camano Head in Saratoga Passage,48.171236,-122.54911,
pollock,002535-1_32,val,-0.115356948,25.48635695,0.4764,25.00995695,0.041012193,9-Oct-32,1932,9.6,10.7,10.9,10.8,9.6,1930,230,186,Island near Camano Head in Saratoga Passage,48.171236,-122.54911,
pollock,002535-1_32,leu,-0.156488764,24.03848876,0.76775,23.27073876,0.664680374,9-Oct-32,1932,9.6,10.7,10.9,10.8,9.6,1930,230,186,Island near Camano Head in Saratoga Passage,48.171236,-122.54911,
pollock,002535-1_32,ile,0.51780654,24.39469346,1.681,22.71369346,0.337289935,9-Oct-32,1932,9.6,10.7,10.9,10.8,9.6,1930,230,186,Island near Camano Head in Saratoga Passage,48.171236,-122.54911,
pollock,002535-1_32,nle,-1.531299728,15.50379973,-0.2602,15.76399973,0.098287843,9-Oct-32,1932,9.6,10.7,10.9,10.8,9.6,1930,230,186,Island near Camano Head in Saratoga Passage,48.171236,-122.54911,
pollock,002535-1_32,pro,0.663719346,26.91128065,3.864,23.04728065,0.642052957,9-Oct-32,1932,9.6,10.7,10.9,10.8,9.6,1930,230,186,Island near Camano Head in Saratoga Passage,48.171236,-122.54911,
pollock,002535-1_32,thr,0.520540872,-7.793040872,-1.2844,-6.508640872,1.291884089,9-Oct-32,1932,9.6,10.7,10.9,10.8,9.6,1930,230,186,Island near Camano Head in Saratoga Passage,48.171236,-122.54911,
pollock,002535-1_32,asp,0.291813351,25.65118665,0.6958,24.95538665,0.55578593,9-Oct-32,1932,9.6,10.7,10.9,10.8,9.6,1930,230,186,Island near Camano Head in Saratoga Passage,48.171236,-122.54911,
pollock,002535-1_32,ser,0.175659401,13.4643406,-0.6028,14.0671406,0.089095454,9-Oct-32,1932,9.6,10.7,10.9,10.8,9.6,1930,230,186,Island near Camano Head in Saratoga Passage,48.171236,-122.54911,
pollock,002535-1_32,glu,0.870989101,25.8825109,0.8968,24.9857109,0.050204581,9-Oct-32,1932,9.6,10.7,10.9,10.8,9.6,1930,230,186,Island near Camano Head in Saratoga Passage,48.171236,-122.54911,
pollock,002535-1_32,phe,0.397189373,8.143310627,1.0476,7.095710627,0.234052345,9-Oct-32,1932,9.6,10.7,10.9,10.8,9.6,1930,230,186,Island near Camano Head in Saratoga Passage,48.171236,-122.54911,
pollock,002535-2_32,ala,0.278141689,26.11385831,0.6092,25.50465831,0.124755761,9-Oct-32,1932,9.6,10.7,10.9,10.8,9.6,1930,248,214,Island near Camano Head in Saratoga Passage,48.171236,-122.54911,
pollock,002535-2_32,val,-0.076904632,25.6925713,0.4764,25.2161713,0.194103924,9-Oct-32,1932,9.6,10.7,10.9,10.8,9.6,1930,248,214,Island near Camano Head in Saratoga Passage,48.171236,-122.54911,
pollock,002535-2_32,leu,-0.104325843,23.56332584,0.76775,22.79557584,0.080318118,9-Oct-32,1932,9.6,10.7,10.9,10.8,9.6,1930,248,214,Island near Camano Head in Saratoga Passage,48.171236,-122.54911,
pollock,002535-2_32,nle,-1.020866485,14.86419982,-0.2602,15.12439982,1.246083999,9-Oct-32,1932,9.6,10.7,10.9,10.8,9.6,1930,248,214,Island near Camano Head in Saratoga Passage,48.171236,-122.54911,
pollock,002535-2_32,pro,0.442479564,26.48685377,3.864,22.62285377,0.168767098,9-Oct-32,1932,9.6,10.7,10.9,10.8,9.6,1930,248,214,Island near Camano Head in Saratoga Passage,48.171236,-122.54911,
pollock,002535-2_32,thr,0.347027248,-9.002693915,-1.2844,-7.718293915,1.191042121,9-Oct-32,1932,9.6,10.7,10.9,10.8,9.6,1930,248,214,Island near Camano Head in Saratoga Passage,48.171236,-122.54911,
pollock,002535-2_32,asp,0.194542234,24.34745777,0.6958,23.65165777,0.310816666,9-Oct-32,1932,9.6,10.7,10.9,10.8,9.6,1930,248,214,Island near Camano Head in Saratoga Passage,48.171236,-122.54911,
pollock,002535-2_32,ser,0.117106267,12.06422707,-0.6028,12.66702707,1.481848958,9-Oct-32,1932,9.6,10.7,10.9,10.8,9.6,1930,248,214,Island near Camano Head in Saratoga Passage,48.171236,-122.54911,
pollock,002535-2_32,glu,0.580659401,25.84167393,0.8968,24.94487393,0.218138335,9-Oct-32,1932,9.6,10.7,10.9,10.8,9.6,1930,248,214,Island near Camano Head in Saratoga Passage,48.171236,-122.54911,
pollock,002535-2_32,phe,0.264792916,7.658873751,1.0476,6.611273751,0.4168337,9-Oct-32,1932,9.6,10.7,10.9,10.8,9.6,1930,248,214,Island near Camano Head in Saratoga Passage,48.171236,-122.54911,
pollock,808377-1_51,ala,-0.825504425,30.11350442,-1.1934,31.30690442,0.164544827,27-Dec-51,1951,7.7,8.5,9.5,10.9,8,1950,296,251,"King Golden Gardens, Seattle",47.69277,-122.4204,in Pop sheet as uw008377
pollock,808377-1_51,val,-0.603371681,28.42437168,-0.9132,29.33757168,0.335004478,27-Dec-51,1951,7.7,8.5,9.5,10.9,8,1950,296,251,"King Golden Gardens, Seattle",47.69277,-122.4204,in Pop sheet as uw008377
pollock,808377-1_51,leu,-0.559061947,27.71072861,-1.3066,29.01732861,0.478324506,27-Dec-51,1951,7.7,8.5,9.5,10.9,8,1950,296,251,"King Golden Gardens, Seattle",47.69277,-122.4204,in Pop sheet as uw008377
pollock,808377-1_51,ile,0.041787611,28.44721239,1.1696,27.27761239,0.137393595,27-Dec-51,1951,7.7,8.5,9.5,10.9,8,1950,296,251,"King Golden Gardens, Seattle",47.69277,-122.4204,in Pop sheet as uw008377
pollock,808377-1_51,nle,-1.408380531,15.88938053,-3.3228,19.21218053,0.243624711,27-Dec-51,1951,7.7,8.5,9.5,10.9,8,1950,296,251,"King Golden Gardens, Seattle",47.69277,-122.4204,in Pop sheet as uw008377
pollock,808377-1_51,pro,0.387557522,28.26477581,3.824,24.44077581,0.255902976,27-Dec-51,1951,7.7,8.5,9.5,10.9,8,1950,296,251,"King Golden Gardens, Seattle",47.69277,-122.4204,in Pop sheet as uw008377
pollock,808377-1_51,thr,-0.661380531,-11.45528614,-2.3184,-9.136886136,1.217708641,27-Dec-51,1951,7.7,8.5,9.5,10.9,8,1950,296,251,"King Golden Gardens, Seattle",47.69277,-122.4204,in Pop sheet as uw008377
pollock,808377-1_51,asp,0.366929204,28.68773746,0.7444,27.94333746,0.492581296,27-Dec-51,1951,7.7,8.5,9.5,10.9,8,1950,296,251,"King Golden Gardens, Seattle",47.69277,-122.4204,in Pop sheet as uw008377
pollock,808377-1_51,ser,-0.964752212,17.59208555,-1.7588,19.35088555,0.732642023,27-Dec-51,1951,7.7,8.5,9.5,10.9,8,1950,296,251,"King Golden Gardens, Seattle",47.69277,-122.4204,in Pop sheet as uw008377
pollock,808377-1_51,glu,-1.023026549,30.40802655,-0.4326,30.84062655,0.141566239,27-Dec-51,1951,7.7,8.5,9.5,10.9,8,1950,296,251,"King Golden Gardens, Seattle",47.69277,-122.4204,in Pop sheet as uw008377
pollock,808377-1_51,phe,-0.698362832,6.917362832,-0.152,7.069362832,0.438030821,27-Dec-51,1951,7.7,8.5,9.5,10.9,8,1950,296,251,"King Golden Gardens, Seattle",47.69277,-122.4204,in Pop sheet as uw008377
pollock,005732-1_49,ala,-1.407888318,23.51388832,-1.0605,24.57438832,0.182737517,25-Nov-49,1949,8.7,9.7,10.5,10.2,8.2,1940,114,98,King Puget Sound; Environs of Seattle; off Golden Gardens,47.69277,-122.4204,
pollock,005732-1_49,val,-1.502810013,22.33614335,-1.2255,23.56164335,0.702115613,25-Nov-49,1949,8.7,9.7,10.5,10.2,8.2,1940,114,98,King Puget Sound; Environs of Seattle; off Golden Gardens,47.69277,-122.4204,
pollock,005732-1_49,leu,-0.981534346,19.88620101,-1.0552,20.94140101,0.089556314,25-Nov-49,1949,8.7,9.7,10.5,10.2,8.2,1940,114,98,King Puget Sound; Environs of Seattle; off Golden Gardens,47.69277,-122.4204,
pollock,005732-1_49,ile,0.23683697,20.9098297,1.487666667,19.42216303,0.620624148,25-Nov-49,1949,8.7,9.7,10.5,10.2,8.2,1940,114,98,King Puget Sound; Environs of Seattle; off Golden Gardens,47.69277,-122.4204,
pollock,005732-1_49,nle,-2.614735558,17.60806889,-3.567166667,21.17523556,0.82550853,25-Nov-49,1949,8.7,9.7,10.5,10.2,8.2,1940,114,98,King Puget Sound; Environs of Seattle; off Golden Gardens,47.69277,-122.4204,
pollock,005732-1_49,pro,0.695291399,21.54937527,3.859333333,17.69004193,1.560396531,25-Nov-49,1949,8.7,9.7,10.5,10.2,8.2,1940,114,98,King Puget Sound; Environs of Seattle; off Golden Gardens,47.69277,-122.4204,
pollock,005732-1_49,thr,0.182917843,-9.347251177,-2.393166667,-6.95408451,0.633016851,25-Nov-49,1949,8.7,9.7,10.5,10.2,8.2,1940,114,98,King Puget Sound; Environs of Seattle; off Golden Gardens,47.69277,-122.4204,
pollock,005732-1_49,asp,1.463292683,17.94470732,0.936166667,17.00854065,0.755254262,25-Nov-49,1949,8.7,9.7,10.5,10.2,8.2,1940,114,98,King Puget Sound; Environs of Seattle; off Golden Gardens,47.69277,-122.4204,
pollock,005732-1_49,ser,-1.253456996,14.282457,-2.462166667,16.74462366,0.641827859,25-Nov-49,1949,8.7,9.7,10.5,10.2,8.2,1940,114,98,King Puget Sound; Environs of Seattle; off Golden Gardens,47.69277,-122.4204,
pollock,005732-1_49,glu,-0.686747112,23.34274711,0.085,23.25774711,0.357962289,25-Nov-49,1949,8.7,9.7,10.5,10.2,8.2,1940,114,98,King Puget Sound; Environs of Seattle; off Golden Gardens,47.69277,-122.4204,
pollock,005732-1_49,phe,-0.907546855,4.731546855,-0.351833333,5.083380188,0.469730774,25-Nov-49,1949,8.7,9.7,10.5,10.2,8.2,1940,114,98,King Puget Sound; Environs of Seattle; off Golden Gardens,47.69277,-122.4204,
pollock,005732-2_49,ala,0.170102696,23.64956397,0.1865,23.46306397,0.182379641,25-Nov-49,1949,8.7,9.7,10.5,10.2,8.2,1940,114,98,King Puget Sound; Environs of Seattle; off Golden Gardens,47.69277,-122.4204,
pollock,005732-2_49,val,0.002926829,22.66307317,0.130333333,22.53273984,0.114581848,25-Nov-49,1949,8.7,9.7,10.5,10.2,8.2,1940,123,103,King Puget Sound; Environs of Seattle; off Golden Gardens,47.69277,-122.4204,
pollock,005732-2_49,leu,0.233661104,20.78567223,0.374166667,20.41150556,0.267028713,25-Nov-49,1949,8.7,9.7,10.5,10.2,8.2,1940,123,103,King Puget Sound; Environs of Seattle; off Golden Gardens,47.69277,-122.4204,
pollock,005732-2_49,ile,0.631740693,21.80192597,2.3145,19.48742597,0.144928718,25-Nov-49,1949,8.7,9.7,10.5,10.2,8.2,1940,123,103,King Puget Sound; Environs of Seattle; off Golden Gardens,47.69277,-122.4204,
pollock,005732-2_49,nle,-0.875560976,15.22222764,-2.5415,17.76372764,0.148883623,25-Nov-49,1949,8.7,9.7,10.5,10.2,8.2,1940,123,103,King Puget Sound; Environs of Seattle; off Golden Gardens,47.69277,-122.4204,
pollock,005732-2_49,pro,1.520957638,25.7913757,5.5365,20.2548757,0.433204725,25-Nov-49,1949,8.7,9.7,10.5,10.2,8.2,1940,123,103,King Puget Sound; Environs of Seattle; off Golden Gardens,47.69277,-122.4204,
pollock,005732-2_49,thr,0.306770218,-5.158103552,-1.357833333,-3.800270218,0.886612279,25-Nov-49,1949,8.7,9.7,10.5,10.2,8.2,1940,123,103,King Puget Sound; Environs of Seattle; off Golden Gardens,47.69277,-122.4204,
pollock,005732-2_49,asp,0.551206675,13.50579332,1.743166667,11.76262666,0.941656519,25-Nov-49,1949,8.7,9.7,10.5,10.2,8.2,1940,123,103,King Puget Sound; Environs of Seattle; off Golden Gardens,47.69277,-122.4204,
pollock,005732-2_49,ser,-0.761984596,23.18731793,-1.570833333,24.75815126,0.597170272,25-Nov-49,1949,8.7,9.7,10.5,10.2,8.2,1940,123,103,King Puget Sound; Environs of Seattle; off Golden Gardens,47.69277,-122.4204,
pollock,005732-2_49,glu,0.179214377,24.23878562,1.113,23.12578562,0.091787799,25-Nov-49,1949,8.7,9.7,10.5,10.2,8.2,1940,123,103,King Puget Sound; Environs of Seattle; off Golden Gardens,47.69277,-122.4204,
pollock,005732-2_49,phe,-0.188957638,6.326957638,0.594166667,5.732790971,0.409776768,25-Nov-49,1949,8.7,9.7,10.5,10.2,8.2,1940,123,103,King Puget Sound; Environs of Seattle; off Golden Gardens,47.69277,-122.4204,
pollock,004713-1_40,ala,0.567008986,24.02999101,0.1865,23.84349101,0.457511748,27-Feb-40,1940,8.2,7.9,8.5,NA,6.6,1940,120,105,"Kings S. Richmond Beach, Seattle",47.76239157,-122.3912466,
pollock,004713-1_40,val,0.009756098,21.41491057,0.130333333,21.28457724,0.327960872,27-Feb-40,1940,8.2,7.9,8.5,NA,6.6,1940,120,105,"Kings S. Richmond Beach, Seattle",47.76239157,-122.3912466,
pollock,004713-1_40,leu,0.778870347,21.45812965,0.374166667,21.08396299,0.453013245,27-Feb-40,1940,8.2,7.9,8.5,NA,6.6,1940,120,105,"Kings S. Richmond Beach, Seattle",47.76239157,-122.3912466,
pollock,004713-1_40,ile,2.105802311,21.78886436,2.3145,19.47436436,0.48692128,27-Feb-40,1940,8.2,7.9,8.5,NA,6.6,1940,120,105,"Kings S. Richmond Beach, Seattle",47.76239157,-122.3912466,
pollock,004713-1_40,nle,-2.918536585,20.53086992,-2.5415,23.07236992,0.457952326,27-Feb-40,1940,8.2,7.9,8.5,NA,6.6,1940,120,105,"Kings S. Richmond Beach, Seattle",47.76239157,-122.3912466,
pollock,004713-1_40,pro,4.816365854,21.48263415,5.5365,15.94613415,NA,27-Feb-40,1940,8.2,7.9,8.5,NA,6.6,1940,120,105,"Kings S. Richmond Beach, Seattle",47.76239157,-122.3912466,
pollock,004713-1_40,thr,1.022567394,-4.844900727,-1.357833333,-3.487067394,0.043935559,27-Feb-40,1940,8.2,7.9,8.5,NA,6.6,1940,120,105,"Kings S. Richmond Beach, Seattle",47.76239157,-122.3912466,
pollock,004713-1_40,asp,1.837355584,20.91831108,1.743166667,19.17514442,0.572071091,27-Feb-40,1940,8.2,7.9,8.5,NA,6.6,1940,120,105,"Kings S. Richmond Beach, Seattle",47.76239157,-122.3912466,
pollock,004713-1_40,ser,-2.539948652,17.99828199,-1.570833333,19.56911532,0.696340673,27-Feb-40,1940,8.2,7.9,8.5,NA,6.6,1940,120,105,"Kings S. Richmond Beach, Seattle",47.76239157,-122.3912466,
pollock,004713-1_40,glu,0.597381258,25.35261874,1.113,24.23961874,0.483345632,27-Feb-40,1940,8.2,7.9,8.5,NA,6.6,1940,120,105,"Kings S. Richmond Beach, Seattle",47.76239157,-122.3912466,
pollock,004713-1_40,phe,-0.629858793,7.907192127,0.594166667,7.31302546,1.135607473,27-Feb-40,1940,8.2,7.9,8.5,NA,6.6,1940,120,105,"Kings S. Richmond Beach, Seattle",47.76239157,-122.3912466,
pollock,005779-1_49,ala,-0.649794608,25.35646128,-1.0605,26.41696128,0.47454645,20-Dec-49,1949,7.8,7.9,8.5,NA,6.6,1940,144,123,"Mason Hood Canal, Opposite Hoodsport",47.4166372,-123.13875,
pollock,005779-1_49,val,-0.693604621,25.06093795,-1.2255,26.28643795,0.126258993,20-Dec-49,1949,7.8,8.7,9.5,10.5,7,1940,144,123,"Mason Hood Canal, Opposite Hoodsport",47.4166372,-123.13875,
pollock,005779-1_49,leu,-0.453015852,22.80134919,-1.0552,23.85654919,0.211074237,20-Dec-49,1949,7.8,8.7,9.5,10.5,7,1940,144,123,"Mason Hood Canal, Opposite Hoodsport",47.4166372,-123.13875,
pollock,005779-1_49,ile,0.109309371,24.2793573,1.487666667,22.79169063,0.572950551,20-Dec-49,1949,7.8,8.7,9.5,10.5,7,1940,144,123,"Mason Hood Canal, Opposite Hoodsport",47.4166372,-123.13875,
pollock,005779-1_49,nle,-1.206801027,15.80546769,-3.567166667,19.37263436,0.128508106,20-Dec-49,1949,7.8,8.7,9.5,10.5,7,1940,144,123,"Mason Hood Canal, Opposite Hoodsport",47.4166372,-123.13875,
pollock,005779-1_49,thr,0.08442362,-6.665756953,-2.393166667,-4.272590287,0.380045173,20-Dec-49,1949,7.8,8.7,9.5,10.5,7,1940,144,123,"Mason Hood Canal, Opposite Hoodsport",47.4166372,-123.13875,
pollock,005779-1_49,asp,0.675365854,24.27030081,0.936166667,23.33413415,1.727594956,20-Dec-49,1949,7.8,8.7,9.5,10.5,7,1940,144,123,"Mason Hood Canal, Opposite Hoodsport",47.4166372,-123.13875,
pollock,005779-1_49,ser,-0.578518614,16.44418528,-2.462166667,18.90635195,0.645608498,20-Dec-49,1949,7.8,8.7,9.5,10.5,7,1940,144,123,"Mason Hood Canal, Opposite Hoodsport",47.4166372,-123.13875,
pollock,005779-1_49,glu,-0.316960205,26.12562687,0.085,26.04062687,0.202574266,20-Dec-49,1949,7.8,8.7,9.5,10.5,7,1940,144,123,"Mason Hood Canal, Opposite Hoodsport",47.4166372,-123.13875,
pollock,005779-1_49,phe,-0.418867779,6.903201113,-0.351833333,7.255034446,0.635040419,20-Dec-49,1949,7.8,8.7,9.5,10.5,7,1940,144,123,"Mason Hood Canal, Opposite Hoodsport",47.4166372,-123.13875,
pollock,029064-2_83,ala,0.425879332,22.47512067,-0.139,22.61412067,0.248408937,14-Apr-83,1983,10,9.3,8.6,8.6,8.8,1980,166,138,Meadow Pt. Puget Sound,47.6953133,-122.40843,
pollock,029064-2_83,val,0.769191271,20.74914206,0.160333333,20.58880873,2.146871755,14-Apr-83,1983,10,9.3,8.6,8.6,8.8,1980,166,138,Meadow Pt. Puget Sound,47.6953133,-122.40843,
pollock,029064-2_83,leu,1.333607189,19.44472614,0.096666667,19.34805948,0.254449078,14-Apr-83,1983,10,9.3,8.6,8.6,8.8,1980,166,138,Meadow Pt. Puget Sound,47.6953133,-122.40843,
pollock,029064-2_83,ile,1.846649551,20.93735045,1.951833333,18.98551712,0.475936971,14-Apr-83,1983,10,9.3,8.6,8.6,8.8,1980,166,138,Meadow Pt. Puget Sound,47.6953133,-122.40843,
pollock,029064-2_83,nle,-3.211476252,16.92014292,-3.156833333,20.07697625,7.4617988,14-Apr-83,1983,10,9.3,8.6,8.6,8.8,1980,166,138,Meadow Pt. Puget Sound,47.6953133,-122.40843,
pollock,029064-2_83,thr,1.727471117,-6.427137783,-1.558166667,-4.868971117,6.64631359,14-Apr-83,1983,10,9.3,8.6,8.6,8.8,1980,166,138,Meadow Pt. Puget Sound,47.6953133,-122.40843,
pollock,029064-2_83,asp,3.376970475,18.74969619,1.7745,16.97519619,3.934773225,14-Apr-83,1983,10,9.3,8.6,8.6,8.8,1980,166,138,Meadow Pt. Puget Sound,47.6953133,-122.40843,
pollock,029064-2_83,ser,-1.643973684,19.27047368,-2.1235,21.39397368,3.011567781,14-Apr-83,1983,10,9.3,8.6,8.6,8.8,1980,166,138,Meadow Pt. Puget Sound,47.6953133,-122.40843,
pollock,029064-2_83,glu,0.581720154,23.97694651,0.862,23.11494651,1.339210339,14-Apr-83,1983,10,9.3,8.6,8.6,8.8,1980,166,138,Meadow Pt. Puget Sound,47.6953133,-122.40843,
pollock,029064-2_83,phe,-0.140949936,8.532283269,0.616666667,7.915616602,4.558188712,14-Apr-83,1983,10,9.3,8.6,8.6,8.8,1980,166,138,Meadow Pt. Puget Sound,47.6953133,-122.40843,
pollock,005761-1_49,ala,-0.974691913,26.82969191,-1.0605,27.89019191,0.258333118,25-Aug-49,1949,10.2,10.3,10.1,9.4,10.7,1940,229,201,San Juan East Sound off Rosario Hill,48.65481151,-122.8889092,
pollock,005761-1_49,val,-1.040406932,24.75340693,-1.2255,25.97890693,0.73437116,25-Aug-49,1949,10.2,10.3,10.1,9.4,10.7,1940,229,201,San Juan East Sound off Rosario Hill,48.65481151,-122.8889092,
pollock,005761-1_49,leu,-0.679523778,22.83752378,-1.0552,23.89272378,0.177654158,25-Aug-49,1949,10.2,10.3,10.1,9.4,10.7,1940,229,201,San Juan East Sound off Rosario Hill,48.65481151,-122.8889092,
pollock,005761-1_49,ile,0.163964056,23.51403594,1.487666667,22.02636928,0.276490506,25-Aug-49,1949,10.2,10.3,10.1,9.4,10.7,1940,229,201,San Juan East Sound off Rosario Hill,48.65481151,-122.8889092,
pollock,005761-1_49,nle,-1.81020154,16.84820154,-3.567166667,20.41536821,0.1603465,25-Aug-49,1949,10.2,10.3,10.1,9.4,10.7,1940,229,201,San Juan East Sound off Rosario Hill,48.65481151,-122.8889092,
pollock,005761-1_49,pro,0.481355584,23.51364442,3.859333333,19.65431108,0.309132658,25-Aug-49,1949,10.2,10.3,10.1,9.4,10.7,1940,229,201,San Juan East Sound off Rosario Hill,48.65481151,-122.8889092,
pollock,005761-1_49,thr,0.12663543,-10.32663543,-2.393166667,-7.933468763,1.268559419,25-Aug-49,1949,10.2,10.3,10.1,9.4,10.7,1940,229,201,San Juan East Sound off Rosario Hill,48.65481151,-122.8889092,
pollock,005761-1_49,asp,1.01304878,24.00095122,0.936166667,23.06478455,0.529645164,25-Aug-49,1949,10.2,10.3,10.1,9.4,10.7,1940,229,201,San Juan East Sound off Rosario Hill,48.65481151,-122.8889092,
pollock,005761-1_49,ser,-0.86777792,15.46277792,-2.462166667,17.92494459,1.178039049,25-Aug-49,1949,10.2,10.3,10.1,9.4,10.7,1940,229,201,San Juan East Sound off Rosario Hill,48.65481151,-122.8889092,
pollock,005761-1_49,glu,-0.475440308,26.08577364,0.085,26.00077364,0.193995704,25-Aug-49,1949,10.2,10.3,10.1,9.4,10.7,1940,229,201,San Juan East Sound off Rosario Hill,48.65481151,-122.8889092,
pollock,005761-1_49,phe,-0.628301669,5.603635002,-0.351833333,5.955468335,0.660106305,25-Aug-49,1949,10.2,10.3,10.1,9.4,10.7,1940,229,201,San Juan East Sound off Rosario Hill,48.65481151,-122.8889092,
pollock,005697-1_49,ala,-1.719800885,23.33480088,-1.1934,24.52820088,0.104651804,25-Aug-49,1949,10.2,10.3,10.1,9.4,10.7,1940,119,102,"San Juan Lopez Sound, W. of Ram Is.",48.47625184,-122.8345463,
pollock,005697-1_49,val,-1.257024336,20.88002434,-0.9132,21.79322434,0.840042856,25-Aug-49,1949,10.2,10.3,10.1,9.4,10.7,1940,119,102,"San Juan Lopez Sound, W. of Ram Is.",48.47625184,-122.8345463,
pollock,005697-1_49,leu,-1.164712389,19.49571239,-1.3066,20.80231239,0.755190042,25-Aug-49,1949,10.2,10.3,10.1,9.4,10.7,1940,119,102,"San Juan Lopez Sound, W. of Ram Is.",48.47625184,-122.8345463,
pollock,005697-1_49,ile,0.087057522,21.45844248,1.1696,20.28884248,0.30759145,25-Aug-49,1949,10.2,10.3,10.1,9.4,10.7,1940,119,102,"San Juan Lopez Sound, W. of Ram Is.",48.47625184,-122.8345463,
pollock,005697-1_49,nle,-2.934126106,18.22262611,-3.3228,21.54542611,0.311834091,25-Aug-49,1949,10.2,10.3,10.1,9.4,10.7,1940,119,102,"San Juan Lopez Sound, W. of Ram Is.",48.47625184,-122.8345463,
pollock,005697-1_49,thr,-1.377876106,-4.513623894,-2.3184,-2.195223894,0.917117495,25-Aug-49,1949,10.2,10.3,10.1,9.4,10.7,1940,119,102,"San Juan Lopez Sound, W. of Ram Is.",48.47625184,-122.8345463,
pollock,005697-1_49,asp,0.764435841,18.71706416,0.7444,17.97266416,0.61730422,25-Aug-49,1949,10.2,10.3,10.1,9.4,10.7,1940,119,102,"San Juan Lopez Sound, W. of Ram Is.",48.47625184,-122.8345463,
pollock,005697-1_49,ser,-2.009900442,16.62140044,-1.7588,18.38020044,0.34718943,25-Aug-49,1949,10.2,10.3,10.1,9.4,10.7,1940,119,102,"San Juan Lopez Sound, W. of Ram Is.",48.47625184,-122.8345463,
pollock,005697-1_49,glu,-2.13130531,24.19230531,-0.4326,24.62490531,0.018384776,25-Aug-49,1949,10.2,10.3,10.1,9.4,10.7,1940,119,102,"San Juan Lopez Sound, W. of Ram Is.",48.47625184,-122.8345463,
pollock,005697-1_49,phe,-1.454922566,5.780422566,-0.152,5.932422566,0.314662518,25-Aug-49,1949,10.2,10.3,10.1,9.4,10.7,1940,119,102,"San Juan Lopez Sound, W. of Ram Is.",48.47625184,-122.8345463,
pollock,005697-3_49,ala,0.1277638,22.28690287,-0.139,22.42590287,0.173877351,25-Aug-49,1949,10.2,10.3,10.1,9.4,10.7,1940,107,95,"San Juan Lopez Sound, W. of Ram Is.",48.47625184,-122.8345463,
pollock,005697-3_49,val,0.230757381,20.87957595,0.160333333,20.71924262,0.602475172,25-Aug-49,1949,10.2,10.3,10.1,9.4,10.7,1940,107,95,"San Juan Lopez Sound, W. of Ram Is.",48.47625184,-122.8345463,
pollock,005697-3_49,leu,0.400082157,18.58991784,0.096666667,18.49325118,0.319510563,25-Aug-49,1949,10.2,10.3,10.1,9.4,10.7,1940,107,95,"San Juan Lopez Sound, W. of Ram Is.",48.47625184,-122.8345463,
pollock,005697-3_49,ile,0.553994865,20.69700513,1.951833333,18.7451718,0.3835088,25-Aug-49,1949,10.2,10.3,10.1,9.4,10.7,1940,107,95,"San Juan Lopez Sound, W. of Ram Is.",48.47625184,-122.8345463,
pollock,005697-3_49,nle,-0.963442875,15.93210954,-3.156833333,19.08894288,0.235151724,25-Aug-49,1949,10.2,10.3,10.1,9.4,10.7,1940,107,95,"San Juan Lopez Sound, W. of Ram Is.",48.47625184,-122.8345463,
pollock,005697-3_49,thr,0.518241335,-6.948241335,-1.558166667,-5.390074668,0.448679173,25-Aug-49,1949,10.2,10.3,10.1,9.4,10.7,1940,107,95,"San Juan Lopez Sound, W. of Ram Is.",48.47625184,-122.8345463,
pollock,005697-3_49,asp,1.013091142,20.80557552,1.7745,19.03107552,0.398098397,25-Aug-49,1949,10.2,10.3,10.1,9.4,10.7,1940,107,95,"San Juan Lopez Sound, W. of Ram Is.",48.47625184,-122.8345463,
pollock,005697-3_49,ser,-0.48116303,14.63349636,-2.1235,16.75699636,0.878099273,25-Aug-49,1949,10.2,10.3,10.1,9.4,10.7,1940,107,95,"San Juan Lopez Sound, W. of Ram Is.",48.47625184,-122.8345463,
pollock,005697-3_49,glu,0.174516046,22.36681729,0.862,21.50481729,0.181885495,25-Aug-49,1949,10.2,10.3,10.1,9.4,10.7,1940,107,95,"San Juan Lopez Sound, W. of Ram Is.",48.47625184,-122.8345463,
pollock,005697-3_49,phe,-0.042284981,5.014951647,0.616666667,4.398284981,0.308166081,25-Aug-49,1949,10.2,10.3,10.1,9.4,10.7,1940,107,95,"San Juan Lopez Sound, W. of Ram Is.",48.47625184,-122.8345463,
pollock,002282-1_32,ala,0.602640327,22.56402634,0.6092,21.95482634,0.21673563,8/12/32,1932,10.9,10.8,10.4,9.3,11,1930,114.5,92,San Juan Orcas Is. East Sound 15-17 fins,48.63306027,-122.8702761,
pollock,002282-1_32,val,-0.166626703,19.9406267,0.4764,19.4642267,0.171432202,8/12/32,1932,10.9,10.8,10.4,9.3,11,1930,114.5,92,San Juan Orcas Is. East Sound 15-17 fins,48.63306027,-122.8702761,
pollock,002282-1_32,leu,-0.226039326,18.74103933,0.76775,17.97328933,0.306313565,8/12/32,1932,10.9,10.8,10.4,9.3,11,1930,114.5,92,San Juan Orcas Is. East Sound 15-17 fins,48.63306027,-122.8702761,
pollock,002282-1_32,ile,0.747942779,19.16739055,1.681,17.48639055,0.248367335,8/12/32,1932,10.9,10.8,10.4,9.3,11,1930,114.5,92,San Juan Orcas Is. East Sound 15-17 fins,48.63306027,-122.8702761,
pollock,002282-1_32,nle,-2.211877384,15.64487738,-0.2602,15.90507738,2.32744001,8/12/32,1932,10.9,10.8,10.4,9.3,11,1930,114.5,92,San Juan Orcas Is. East Sound 15-17 fins,48.63306027,-122.8702761,
pollock,002282-1_32,pro,0.958705722,22.62396094,3.864,18.75996094,0.156106801,8/12/32,1932,10.9,10.8,10.4,9.3,11,1930,114.5,92,San Juan Orcas Is. East Sound 15-17 fins,48.63306027,-122.8702761,
pollock,002282-1_32,thr,0.751892371,-3.281892371,-1.2844,-1.997492371,0.20918652,8/12/32,1932,10.9,10.8,10.4,9.3,11,1930,114.5,92,San Juan Orcas Is. East Sound 15-17 fins,48.63306027,-122.8702761,
pollock,002282-1_32,asp,0.421508174,20.09082516,0.6958,19.39502516,0.243463207,8/12/32,1932,10.9,10.8,10.4,9.3,11,1930,114.5,92,San Juan Orcas Is. East Sound 15-17 fins,48.63306027,-122.8702761,
pollock,002282-1_32,ser,0.253730245,10.69826975,-0.6028,11.30106975,0.489992857,8/12/32,1932,10.9,10.8,10.4,9.3,11,1930,114.5,92,San Juan Orcas Is. East Sound 15-17 fins,48.63306027,-122.8702761,
pollock,002282-1_32,glu,1.258095368,22.2165713,0.8968,21.3197713,0.060119326,8/12/32,1932,10.9,10.8,10.4,9.3,11,1930,114.5,92,San Juan Orcas Is. East Sound 15-17 fins,48.63306027,-122.8702761,
pollock,002282-1_32,phe,0.573717984,7.55561535,1.0476,6.50801535,0.620084134,8/12/32,1932,10.9,10.8,10.4,9.3,11,1930,114.5,92,San Juan Orcas Is. East Sound 15-17 fins,48.63306027,-122.8702761,
pollock,002282-2_32,ala,8.379,13.04666667,-0.7825,13.82916667,0.342082349,8/12/32,1932,10.9,10.8,10.4,9.3,11,1930,105,86,San Juan Orcas Is. East Sound 15-17 fins,48.63306027,-122.8702761,
pollock,002282-3_32,ala,0.504849558,22.06581711,0.4958,21.57001711,0.108932701,8/12/32,1932,10.9,10.8,10.4,9.3,11,1930,105,87,San Juan Orcas Is. East Sound 15-17 fins,48.63306027,-122.8702761,
pollock,002282-3_32,val,-0.123265487,19.45593215,0.0474,19.40853215,0.203991013,8/12/32,1932,10.9,10.8,10.4,9.3,11,1930,105,87,San Juan Orcas Is. East Sound 15-17 fins,48.63306027,-122.8702761,
pollock,002282-3_32,leu,0.133115044,17.92155162,0.529,17.39255162,0.328609698,8/12/32,1932,10.9,10.8,10.4,9.3,11,1930,105,87,San Juan Orcas Is. East Sound 15-17 fins,48.63306027,-122.8702761,
pollock,002282-3_32,ile,0.563707965,19.16562537,2.001,17.16462537,0.247568846,8/12/32,1932,10.9,10.8,10.4,9.3,11,1930,105,87,San Juan Orcas Is. East Sound 15-17 fins,48.63306027,-122.8702761,
pollock,002282-3_32,nle,-0.730035398,14.84570206,-1.7244,16.57010206,0.213743616,8/12/32,1932,10.9,10.8,10.4,9.3,11,1930,105,87,San Juan Orcas Is. East Sound 15-17 fins,48.63306027,-122.8702761,
pollock,002282-3_32,pro,1.060646018,22.35968732,4.6072,17.75248732,0.501606752,8/12/32,1932,10.9,10.8,10.4,9.3,11,1930,105,87,San Juan Orcas Is. East Sound 15-17 fins,48.63306027,-122.8702761,
pollock,002282-3_32,thr,0.387185841,-4.037852507,-1.6104,-2.427452507,0.43186379,8/12/32,1932,10.9,10.8,10.4,9.3,11,1930,105,87,San Juan Orcas Is. East Sound 15-17 fins,48.63306027,-122.8702761,
pollock,002282-3_32,asp,0.663212389,20.55178761,1.0492,19.50258761,0.220481292,8/12/32,1932,10.9,10.8,10.4,9.3,11,1930,105,87,San Juan Orcas Is. East Sound 15-17 fins,48.63306027,-122.8702761,
pollock,002282-3_32,ser,-0.543079646,12.47341298,-1.2612,13.73461298,0.902695039,8/12/32,1932,10.9,10.8,10.4,9.3,11,1930,105,87,San Juan Orcas Is. East Sound 15-17 fins,48.63306027,-122.8702761,
pollock,002282-3_32,glu,-0.004141593,22.40780826,0.898,21.50980826,0.289885035,8/12/32,1932,10.9,10.8,10.4,9.3,11,1930,105,87,San Juan Orcas Is. East Sound 15-17 fins,48.63306027,-122.8702761,
pollock,002282-3_32,phe,0.080867257,6.291466077,1.0056,5.285866077,0.292182021,8/12/32,1932,10.9,10.8,10.4,9.3,11,1930,105,87,San Juan Orcas Is. East Sound 15-17 fins,48.63306027,-122.8702761,
pollock,002282-4_32,ala,0.757274336,22.381059,0.4958,21.885259,0.181332108,8/12/32,1932,10.9,10.8,10.4,9.3,11,1930,105,87,San Juan Orcas Is. East Sound 15-17 fins,48.63306027,-122.8702761,
pollock,002282-4_32,val,-0.18489823,21.07523156,0.0474,21.02783156,0.628196095,8/12/32,1932,10.9,10.8,10.4,9.3,11,1930,105,87,San Juan Orcas Is. East Sound 15-17 fins,48.63306027,-122.8702761,
pollock,002282-4_32,leu,0.199672566,19.28532743,0.529,18.75632743,0.102805642,8/12/32,1932,10.9,10.8,10.4,9.3,11,1930,105,87,San Juan Orcas Is. East Sound 15-17 fins,48.63306027,-122.8702761,
pollock,002282-4_32,ile,0.845561947,20.53510472,2.001,18.53410472,0.125001333,8/12/32,1932,10.9,10.8,10.4,9.3,11,1930,105,87,San Juan Orcas Is. East Sound 15-17 fins,48.63306027,-122.8702761,
pollock,002282-4_32,nle,-1.095053097,15.89071976,-1.7244,17.61511976,0.497216586,8/12/32,1932,10.9,10.8,10.4,9.3,11,1930,105,87,San Juan Orcas Is. East Sound 15-17 fins,48.63306027,-122.8702761,
pollock,002282-4_32,thr,0.580778761,-4.220112094,-1.6104,-2.609712094,0.757987687,8/12/32,1932,10.9,10.8,10.4,9.3,11,1930,105,87,San Juan Orcas Is. East Sound 15-17 fins,48.63306027,-122.8702761,
pollock,002282-4_32,asp,0.994818584,18.00318142,1.0492,16.95398142,0.825525287,8/12/32,1932,10.9,10.8,10.4,9.3,11,1930,105,87,San Juan Orcas Is. East Sound 15-17 fins,48.63306027,-122.8702761,
pollock,002282-4_32,ser,-0.814619469,11.67628614,-1.2612,12.93748614,0.759902845,8/12/32,1932,10.9,10.8,10.4,9.3,11,1930,105,87,San Juan Orcas Is. East Sound 15-17 fins,48.63306027,-122.8702761,
pollock,002282-4_32,glu,-0.006212389,23.36021239,0.898,22.46221239,0.128992248,8/12/32,1932,10.9,10.8,10.4,9.3,11,1930,105,87,San Juan Orcas Is. East Sound 15-17 fins,48.63306027,-122.8702761,
pollock,002282-4_32,phe,0.121300885,6.964032448,1.0056,5.958432448,0.688008963,8/12/32,1932,10.9,10.8,10.4,9.3,11,1930,105,87,San Juan Orcas Is. East Sound 15-17 fins,48.63306027,-122.8702761,
pollock,002887-2_1906,ala,5.586,18.05366667,-0.7825,18.83616667,0.282156576,7/9/06,1906,NA,NA,NA,NA,NA,1900,111,95,San Juan Waldron Is,48.68353053,-123.0025709,
pollock,002887-2_1906,val,-0.685421801,8.045755134,-1.709666667,9.755421801,2.140806468,7/9/06,1906,NA,NA,NA,NA,NA,1900,111,95,San Juan Waldron Is,48.68353053,-123.0025709,
pollock,002887-2_1906,leu,0.496105263,20.0565614,-1.436,21.4925614,0.398743443,7/9/06,1906,NA,NA,NA,NA,NA,1900,111,95,San Juan Waldron Is,48.68353053,-123.0025709,
pollock,002887-2_1906,ile,0.786,23.22366667,0.4295,22.79416667,0.175012381,7/9/06,1906,NA,NA,NA,NA,NA,1900,111,95,San Juan Waldron Is,48.68353053,-123.0025709,
pollock,002887-2_1906,nle,-2.112,17.06666667,-1.89,18.95666667,0.306780595,7/9/06,1906,NA,NA,NA,NA,NA,1900,111,95,San Juan Waldron Is,48.68353053,-123.0025709,
pollock,002887-2_1906,pro,1.116,17.591,-0.499,18.09,0.581368214,7/9/06,1906,NA,NA,NA,NA,NA,1900,111,95,San Juan Waldron Is,48.68353053,-123.0025709,
pollock,002887-2_1906,thr,0.486,-9.507666667,-2.2285,-7.279166667,0.409275376,7/9/06,1906,NA,NA,NA,NA,NA,1900,111,95,San Juan Waldron Is,48.68353053,-123.0025709,
pollock,002887-2_1906,asp,0.615473684,21.28552632,0.941333333,20.34419298,1.129430387,7/9/06,1906,NA,NA,NA,NA,NA,1900,111,95,San Juan Waldron Is,48.68353053,-123.0025709,
pollock,002887-2_1906,ser,-3.400894737,19.57522807,-2.844666667,22.41989474,0.783598324,7/9/06,1906,NA,NA,NA,NA,NA,1900,111,95,San Juan Waldron Is,48.68353053,-123.0025709,
pollock,002887-2_1906,glu,-2.418,26.953,0.0725,26.8805,0.208252251,7/9/06,1906,NA,NA,NA,NA,NA,1900,111,95,San Juan Waldron Is,48.68353053,-123.0025709,
pollock,002887-2_1906,phe,-0.15,4.490666667,-0.1535,4.644166667,0.972345789,7/9/06,1906,NA,NA,NA,NA,NA,1900,111,95,San Juan Waldron Is,48.68353053,-123.0025709,
pollock,002887-3_1906,ala,1.093840708,22.49782596,0.4958,22.00202596,0.243730042,July 9 1906,1906,NA,NA,NA,NA,NA,1900,118,101,San Juan Waldron Is,48.68353053,-123.0025709,
pollock,002887-3_1906,val,-0.267075221,22.05707522,0.0474,22.00967522,0.442379927,July 9 1906,1906,NA,NA,NA,NA,NA,1900,118,101,San Juan Waldron Is,48.68353053,-123.0025709,
pollock,002887-3_1906,leu,0.288415929,20.7449174,0.529,20.2159174,0.108546457,July 9 1906,1906,NA,NA,NA,NA,NA,1900,118,101,San Juan Waldron Is,48.68353053,-123.0025709,
pollock,002887-3_1906,ile,1.221367257,22.04863274,2.001,20.04763274,0.388351645,July 9 1906,1906,NA,NA,NA,NA,NA,1900,118,101,San Juan Waldron Is,48.68353053,-123.0025709,
pollock,002887-3_1906,nle,-1.581743363,17.29541003,-1.7244,19.01981003,0.421379085,July 9 1906,1906,NA,NA,NA,NA,NA,1900,118,101,San Juan Waldron Is,48.68353053,-123.0025709,
pollock,002887-3_1906,thr,0.838902655,-8.329569322,-1.6104,-6.719169322,0.939388276,July 9 1906,1906,NA,NA,NA,NA,NA,1900,118,101,San Juan Waldron Is,48.68353053,-123.0025709,
pollock,002887-3_1906,asp,1.436960177,21.19737316,1.0492,20.14817316,0.602118205,July 9 1906,1906,NA,NA,NA,NA,NA,1900,118,101,San Juan Waldron Is,48.68353053,-123.0025709,
pollock,002887-3_1906,ser,-1.176672566,14.64133923,-1.2612,15.90253923,0.908504449,July 9 1906,1906,NA,NA,NA,NA,NA,1900,118,101,San Juan Waldron Is,48.68353053,-123.0025709,
pollock,002887-3_1906,glu,-0.008973451,24.60930678,0.898,23.71130678,0.402500104,July 9 1906,1906,NA,NA,NA,NA,NA,1900,118,101,San Juan Waldron Is,48.68353053,-123.0025709,
pollock,002887-3_1906,phe,0.175212389,6.998787611,1.0056,5.993187611,0.468888046,July 9 1906,1906,NA,NA,NA,NA,NA,1900,118,101,San Juan Waldron Is,48.68353053,-123.0025709,
pollock,002667-1_33,ala,0.453607189,25.65805948,0.1865,25.47155948,0.323002064,19-Apr-33,1933,8,7.1,6.7,7.1,8.2,1930,157,131,Washington from Clinton on Whidbey Is. up into Saratoga Passage & back along the flat between Gedbey Is. and Everett,48.0182854,-122.32946,
pollock,002667-1_33,val,0.007804878,24.04652846,0.130333333,23.91619512,1.434076125,19-Apr-33,1933,8,7.1,6.7,7.1,8.2,1930,157,131,Washington from Clinton on Whidbey Is. up into Saratoga Passage & back along the flat between Gedbey Is. and Everett,48.0182854,-122.32946,
pollock,002667-1_33,leu,0.623096277,22.65623706,0.374166667,22.28207039,0.207509839,19-Apr-33,1933,8,7.1,6.7,7.1,8.2,1930,157,131,Washington from Clinton on Whidbey Is. up into Saratoga Passage & back along the flat between Gedbey Is. and Everett,48.0182854,-122.32946,
pollock,002667-1_33,ile,1.684641849,23.46935815,2.3145,21.15485815,0.321864878,19-Apr-33,1933,8,7.1,6.7,7.1,8.2,1930,157,131,Washington from Clinton on Whidbey Is. up into Saratoga Passage & back along the flat between Gedbey Is. and Everett,48.0182854,-122.32946,
pollock,002667-1_33,nle,-2.334829268,20.1091626,-2.5415,22.6506626,1.102379396,19-Apr-33,1933,8,7.1,6.7,7.1,8.2,1930,157,131,Washington from Clinton on Whidbey Is. up into Saratoga Passage & back along the flat between Gedbey Is. and Everett,48.0182854,-122.32946,
pollock,002667-1_33,asp,1.469884467,24.53944887,1.743166667,22.7962822,2.967212553,19-Apr-33,1933,8,7.1,6.7,7.1,8.2,1930,157,131,Washington from Clinton on Whidbey Is. up into Saratoga Passage & back along the flat between Gedbey Is. and Everett,48.0182854,-122.32946,
pollock,002667-1_33,ser,-2.031958922,18.26995892,-1.570833333,19.84079226,3.058151566,19-Apr-33,1933,8,7.1,6.7,7.1,8.2,1930,157,131,Washington from Clinton on Whidbey Is. up into Saratoga Passage & back along the flat between Gedbey Is. and Everett,48.0182854,-122.32946,
pollock,002667-1_33,glu,0.477905006,26.21009499,1.113,25.09709499,0.091098847,19-Apr-33,1933,8,7.1,6.7,7.1,8.2,1930,157,131,Washington from Clinton on Whidbey Is. up into Saratoga Passage & back along the flat between Gedbey Is. and Everett,48.0182854,-122.32946,
pollock,002667-1_33,phe,-0.503887035,6.037887035,0.594166667,5.443720368,0.440114758,19-Apr-33,1933,8,7.1,6.7,7.1,8.2,1930,157,131,Washington from Clinton on Whidbey Is. up into Saratoga Passage & back along the flat between Gedbey Is. and Everett,48.0182854,-122.32946,
pollock,002667-2_33,ala,0.255154044,25.07851262,0.1865,24.89201262,0.078526004,19-Apr-33,1933,8,7.1,6.7,7.1,8.2,1930,133,113,Washington from Clinton on Whidbey Is. up into Saratoga Passage & back along the flat between Gedbey Is. and Everett,48.0182854,-122.32946,
pollock,002667-2_33,val,0.004390244,23.58794309,0.130333333,23.45760976,0.945198568,19-Apr-33,1933,8,7.1,6.7,7.1,8.2,1930,133,113,Washington from Clinton on Whidbey Is. up into Saratoga Passage & back along the flat between Gedbey Is. and Everett,48.0182854,-122.32946,
pollock,002667-2_33,leu,0.350491656,22.41050834,0.374166667,22.03634168,0.113696966,19-Apr-33,1933,8,7.1,6.7,7.1,8.2,1930,133,113,Washington from Clinton on Whidbey Is. up into Saratoga Passage & back along the flat between Gedbey Is. and Everett,48.0182854,-122.32946,
pollock,002667-2_33,ile,0.94761104,23.41205563,2.3145,21.09755563,0.488206241,19-Apr-33,1933,8,7.1,6.7,7.1,8.2,1930,133,113,Washington from Clinton on Whidbey Is. up into Saratoga Passage & back along the flat between Gedbey Is. and Everett,48.0182854,-122.32946,
pollock,002667-2_33,nle,-1.313341463,15.5126748,-2.5415,18.0541748,0.250907021,19-Apr-33,1933,8,7.1,6.7,7.1,8.2,1930,133,113,Washington from Clinton on Whidbey Is. up into Saratoga Passage & back along the flat between Gedbey Is. and Everett,48.0182854,-122.32946,
pollock,002667-2_33,thr,0.460155327,-9.023488661,-1.357833333,-7.665655327,0.297632883,19-Apr-33,1933,8,7.1,6.7,7.1,8.2,1930,133,113,Washington from Clinton on Whidbey Is. up into Saratoga Passage & back along the flat between Gedbey Is. and Everett,48.0182854,-122.32946,
pollock,002667-2_33,asp,0.826810013,24.46918999,1.743166667,22.72602332,0.209028706,19-Apr-33,1933,8,7.1,6.7,7.1,8.2,1930,133,113,Washington from Clinton on Whidbey Is. up into Saratoga Passage & back along the flat between Gedbey Is. and Everett,48.0182854,-122.32946,
pollock,002667-2_33,ser,-1.142976893,14.40631023,-1.570833333,15.97714356,0.525106021,19-Apr-33,1933,8,7.1,6.7,7.1,8.2,1930,133,113,Washington from Clinton on Whidbey Is. up into Saratoga Passage & back along the flat between Gedbey Is. and Everett,48.0182854,-122.32946,
pollock,002667-2_33,glu,0.268821566,25.3238451,1.113,24.2108451,0.443545187,19-Apr-33,1933,8,7.1,6.7,7.1,8.2,1930,133,113,Washington from Clinton on Whidbey Is. up into Saratoga Passage & back along the flat between Gedbey Is. and Everett,48.0182854,-122.32946,
pollock,002667-2_33,phe,-0.283436457,5.978436457,0.594166667,5.38426979,0.339841139,19-Apr-33,1933,8,7.1,6.7,7.1,8.2,1930,133,113,Washington from Clinton on Whidbey Is. up into Saratoga Passage & back along the flat between Gedbey Is. and Everett,48.0182854,-122.32946,
pollock,002667-3_33,ala,-1.732785623,24.39478562,-1.0605,25.45528562,0.169752761,19-Apr-33,1933,8,7.1,6.7,7.1,8.2,1930,145,130,Washington from Clinton on Whidbey Is. up into Saratoga Passage & back along the flat between Gedbey Is. and Everett,48.0182854,-122.32946,
pollock,002667-3_33,val,-1.849612323,25.65361232,-1.2255,26.87911232,0.234921263,19-Apr-33,1933,8,7.1,6.7,7.1,8.2,1930,145,130,Washington from Clinton on Whidbey Is. up into Saratoga Passage & back along the flat between Gedbey Is. and Everett,48.0182854,-122.32946,
pollock,002667-3_33,leu,-1.208042272,21.83304227,-1.0552,22.88824227,0.405304824,19-Apr-33,1933,8,7.1,6.7,7.1,8.2,1930,145,130,Washington from Clinton on Whidbey Is. up into Saratoga Passage & back along the flat between Gedbey Is. and Everett,48.0182854,-122.32946,
pollock,002667-3_33,ile,0.291491656,23.17250834,1.487666667,21.68484168,0.153326449,19-Apr-33,1933,8,7.1,6.7,7.1,8.2,1930,145,130,Washington from Clinton on Whidbey Is. up into Saratoga Passage & back along the flat between Gedbey Is. and Everett,48.0182854,-122.32946,
pollock,002667-3_33,nle,-3.218136072,19.24780274,-3.567166667,22.81496941,0.68829669,19-Apr-33,1933,8,7.1,6.7,7.1,8.2,1930,145,130,Washington from Clinton on Whidbey Is. up into Saratoga Passage & back along the flat between Gedbey Is. and Everett,48.0182854,-122.32946,
pollock,002667-3_33,asp,1.80097561,20.28002439,0.936166667,19.34385772,1.24212439,19-Apr-33,1933,8,7.1,6.7,7.1,8.2,1930,145,130,Washington from Clinton on Whidbey Is. up into Saratoga Passage & back along the flat between Gedbey Is. and Everett,48.0182854,-122.32946,
pollock,002667-3_33,ser,-1.542716303,17.8257163,-2.462166667,20.28788297,2.941413946,19-Apr-33,1933,8,7.1,6.7,7.1,8.2,1930,145,130,Washington from Clinton on Whidbey Is. up into Saratoga Passage & back along the flat between Gedbey Is. and Everett,48.0182854,-122.32946,
pollock,002667-3_33,glu,-0.845227214,24.75356055,0.085,24.66856055,0.124949323,19-Apr-33,1933,8,7.1,6.7,7.1,8.2,1930,145,130,Washington from Clinton on Whidbey Is. up into Saratoga Passage & back along the flat between Gedbey Is. and Everett,48.0182854,-122.32946,
pollock,002667-3_33,phe,-1.116980745,5.877980745,-0.351833333,6.229814078,0.147102005,19-Apr-33,1933,8,7.1,6.7,7.1,8.2,1930,145,130,Washington from Clinton on Whidbey Is. up into Saratoga Passage & back along the flat between Gedbey Is. and Everett,48.0182854,-122.32946,
pollock,002566-1_32,ala,0.368555841,24.96911083,0.1865,24.78261083,0.196026359,29-Sep-32,1932,10.7,10.9,10.8,10.4,10.7,1930,245,209,Washington off E side of Gedney Is. 30-60,48.01616826,-122.3022468,
pollock,002566-1_32,val,0.006341463,24.34865854,0.130333333,24.2183252,2.061292071,29-Sep-32,1932,10.7,10.9,10.8,10.4,10.7,1930,245,209,Washington off E side of Gedney Is. 30-60,48.01616826,-122.3022468,
pollock,002566-1_32,leu,0.506265725,22.93506761,0.374166667,22.56090094,0.549318062,29-Sep-32,1932,10.7,10.9,10.8,10.4,10.7,1930,245,209,Washington off E side of Gedney Is. 30-60,48.01616826,-122.3022468,
pollock,002566-1_32,ile,1.368771502,24.8212285,2.3145,22.5067285,0.216423197,29-Sep-32,1932,10.7,10.9,10.8,10.4,10.7,1930,245,209,Washington off E side of Gedney Is. 30-60,48.01616826,-122.3022468,
pollock,002566-1_32,nle,-1.89704878,18.55938211,-2.5415,21.10088211,0.467506506,29-Sep-32,1932,10.7,10.9,10.8,10.4,10.7,1930,245,209,Washington off E side of Gedney Is. 30-60,48.01616826,-122.3022468,
pollock,002566-1_32,thr,0.664668806,-9.505002139,-1.357833333,-8.147168806,0.218138335,29-Sep-32,1932,10.7,10.9,10.8,10.4,10.7,1930,245,209,Washington off E side of Gedney Is. 30-60,48.01616826,-122.3022468,
pollock,002566-1_32,asp,1.19428113,27.4620522,1.743166667,25.71888554,0.98531687,29-Sep-32,1932,10.7,10.9,10.8,10.4,10.7,1930,245,209,Washington off E side of Gedney Is. 30-60,48.01616826,-122.3022468,
pollock,002566-1_32,ser,-1.650966624,19.88063329,-1.570833333,21.45146662,1.649893734,29-Sep-32,1932,10.7,10.9,10.8,10.4,10.7,1930,245,209,Washington off E side of Gedney Is. 30-60,48.01616826,-122.3022468,
pollock,002566-1_32,glu,0.388297818,25.39236885,1.113,24.27936885,0.21321429,29-Sep-32,1932,10.7,10.9,10.8,10.4,10.7,1930,245,209,Washington off E side of Gedney Is. 30-60,48.01616826,-122.3022468,
pollock,002566-1_32,phe,-0.409408216,6.226741549,0.594166667,5.632574882,0.256457274,29-Sep-32,1932,10.7,10.9,10.8,10.4,10.7,1930,245,209,Washington off E side of Gedney Is. 30-60,48.01616826,-122.3022468,
pollock,110122-1_82,ala,0.276821566,22.59417843,-0.139,22.73317843,0.335361,10-Sep-82,1982,11.4,11.8,11.4,10.7,10.2,1980,107,90,Washington Point Pulley 100m,47.45056435,122.3855452,
pollock,110122-1_82,val,0.499974326,21.28669234,0.160333333,21.12635901,0.223361441,10-Sep-82,1982,11.4,11.8,11.4,10.7,10.2,1980,107,90,Washington Point Pulley 100m,47.45056435,122.3855452,
pollock,110122-1_82,leu,0.866844673,19.82815533,0.096666667,19.73148866,0.522232707,10-Sep-82,1982,11.4,11.8,11.4,10.7,10.2,1980,107,90,Washington Point Pulley 100m,47.45056435,122.3855452,
pollock,110122-1_82,ile,1.200322208,21.76467779,1.951833333,19.81284446,0.400363585,10-Sep-82,1982,11.4,11.8,11.4,10.7,10.2,1980,107,90,Washington Point Pulley 100m,47.45056435,122.3855452,
pollock,110122-1_82,nle,-2.087459564,18.18712623,-3.156833333,21.34395956,1.207740176,10-Sep-82,1982,11.4,11.8,11.4,10.7,10.2,1980,107,90,Washington Point Pulley 100m,47.45056435,122.3855452,
pollock,110122-1_82,thr,1.122856226,-5.134189559,-1.558166667,-3.576022893,3.434613564,10-Sep-82,1982,11.4,11.8,11.4,10.7,10.2,1980,107,90,Washington Point Pulley 100m,47.45056435,122.3855452,
pollock,110122-1_82,asp,2.195030809,19.27230252,1.7745,17.49780252,0.796081863,10-Sep-82,1982,11.4,11.8,11.4,10.7,10.2,1980,107,90,Washington Point Pulley 100m,47.45056435,122.3855452,
pollock,110122-1_82,ser,-1.042519897,16.87318656,-2.1235,18.99668656,0.910481924,10-Sep-82,1982,11.4,11.8,11.4,10.7,10.2,1980,107,90,Washington Point Pulley 100m,47.45056435,122.3855452,
pollock,110122-1_82,glu,0.3781181,23.0498819,0.862,22.1878819,0.255700997,10-Sep-82,1982,11.4,11.8,11.4,10.7,10.2,1980,107,90,Washington Point Pulley 100m,47.45056435,122.3855452,
pollock,110122-1_82,phe,-0.091617458,8.642284125,0.616666667,8.025617458,3.766443459,10-Sep-82,1982,11.4,11.8,11.4,10.7,10.2,1980,107,90,Washington Point Pulley 100m,47.45056435,122.3855452,
pollock,110122-2_82,ala,-1.238256637,24.46925664,-1.1934,25.66265664,0.408574351,10-Sep-82,1982,11.4,11.8,11.4,10.7,10.2,1980,111,96,Washington Point Pulley 100m,47.45056435,122.3855452,
pollock,110122-2_82,val,-0.905057522,23.23839086,-0.9132,24.15159086,1.040853656,10-Sep-82,1982,11.4,11.8,11.4,10.7,10.2,1980,111,96,Washington Point Pulley 100m,47.45056435,122.3855452,
pollock,110122-2_82,leu,-0.83859292,21.24125959,-1.3066,22.54785959,0.206359718,10-Sep-82,1982,11.4,11.8,11.4,10.7,10.2,1980,111,96,Washington Point Pulley 100m,47.45056435,122.3855452,
pollock,110122-2_82,ile,0.062681416,22.44165192,1.1696,21.27205192,0.465824359,10-Sep-82,1982,11.4,11.8,11.4,10.7,10.2,1980,111,96,Washington Point Pulley 100m,47.45056435,122.3855452,
pollock,110122-2_82,nle,-2.112570796,16.70990413,-3.3228,20.03270413,0.224455638,10-Sep-82,1982,11.4,11.8,11.4,10.7,10.2,1980,111,96,Washington Point Pulley 100m,47.45056435,122.3855452,
pollock,110122-2_82,thr,-0.992070796,-5.301262537,-2.3184,-2.982862537,0.869538575,10-Sep-82,1982,11.4,11.8,11.4,10.7,10.2,1980,111,96,Washington Point Pulley 100m,47.45056435,122.3855452,
pollock,110122-2_82,asp,0.550393805,20.05793953,0.7444,19.31353953,1.028414475,10-Sep-82,1982,11.4,11.8,11.4,10.7,10.2,1980,111,96,Washington Point Pulley 100m,47.45056435,122.3855452,
pollock,110122-2_82,ser,-1.447128319,14.81246165,-1.7588,16.57126165,0.98300017,10-Sep-82,1982,11.4,11.8,11.4,10.7,10.2,1980,111,96,Washington Point Pulley 100m,47.45056435,122.3855452,
pollock,110122-2_82,glu,-1.534539823,25.22053982,-0.4326,25.65313982,0.169555301,10-Sep-82,1982,11.4,11.8,11.4,10.7,10.2,1980,111,96,Washington Point Pulley 100m,47.45056435,122.3855452,
pollock,110122-2_82,phe,-1.047544248,6.493544248,-0.152,6.645544248,0.121198185,10-Sep-82,1982,11.4,11.8,11.4,10.7,10.2,1980,111,96,Washington Point Pulley 100m,47.45056435,122.3855452,
pollock,117905-2_90,ala,-0.16460177,23.26726844,-0.6936,23.96086844,0.08711678,11-May-90,1990,9.9,9,8.2,7.7,9.5,1990,162,134,"Washington Port  Madison, Puget Sound",47.1413,-122.7658,
pollock,117905-2_90,val,-0.499327434,22.75432743,-0.6734,23.42772743,0.197714441,11-May-90,1990,9.9,9,8.2,7.7,9.5,1990,162,134,"Washington Port  Madison, Puget Sound",47.1413,-122.7658,
pollock,117905-2_90,leu,-0.318345133,19.83167847,-0.7848,20.61647847,0.479068193,11-May-90,1990,9.9,9,8.2,7.7,9.5,1990,162,134,"Washington Port  Madison, Puget Sound",47.1413,-122.7658,
pollock,117905-2_90,ile,0.036584071,21.21574926,1.2666,19.94914926,0.408974734,11-May-90,1990,9.9,9,8.2,7.7,9.5,1990,162,134,"Washington Port  Madison, Puget Sound",47.1413,-122.7658,
pollock,117905-2_90,nle,-0.985778761,14.69211209,-2.9814,17.67351209,0.123621735,11-May-90,1990,9.9,9,8.2,7.7,9.5,1990,162,134,"Washington Port  Madison, Puget Sound",47.1413,-122.7658,
pollock,117905-2_90,pro,-0.787619469,23.31328614,2.4538,20.85948614,0.182269946,11-May-90,1990,9.9,9,8.2,7.7,9.5,1990,162,134,"Washington Port  Madison, Puget Sound",47.1413,-122.7658,
pollock,117905-2_90,thr,-0.198504425,-7.594162242,-2.3104,-5.283762242,0.552760647,11-May-90,1990,9.9,9,8.2,7.7,9.5,1990,162,134,"Washington Port  Madison, Puget Sound",47.1413,-122.7658,
pollock,117905-2_90,asp,0.592088496,21.1329115,0.326,20.8069115,0.727243426,11-May-90,1990,9.9,9,8.2,7.7,9.5,1990,162,134,"Washington Port  Madison, Puget Sound",47.1413,-122.7658,
pollock,117905-2_90,ser,-0.938044248,12.62137758,-1.944,14.56537758,0.883770521,11-May-90,1990,9.9,9,8.2,7.7,9.5,1990,162,134,"Washington Port  Madison, Puget Sound",47.1413,-122.7658,
pollock,117905-2_90,glu,-0.594610619,24.50694395,0.1556,24.35134395,0.205830837,11-May-90,1990,9.9,9,8.2,7.7,9.5,1990,162,134,"Washington Port  Madison, Puget Sound",47.1413,-122.7658,
pollock,117905-2_90,phe,-0.450292035,6.760958702,0.0642,6.696758702,0.592714378,11-May-90,1990,9.9,9,8.2,7.7,9.5,1990,162,134,"Washington Port  Madison, Puget Sound",47.1413,-122.7658,
pollock,17119-1_64,ala,0.340703466,26.94162987,-0.139,27.08062987,0.076166484,19-Feb-64,1964,7.9,8.2,8.7,9.9,7.5,1960,187,160,Washington Port Orchard Channel,47.5463,-122.6472,
pollock,17119-1_64,val,0.615353017,24.19564698,0.160333333,24.03531365,0.370660222,19-Feb-64,1964,7.9,8.2,8.7,9.9,7.5,1960,187,160,Washington Port Orchard Channel,47.5463,-122.6472,
pollock,17119-1_64,leu,1.066885751,23.94511425,0.096666667,23.84844758,0.238597988,19-Feb-64,1964,7.9,8.2,8.7,9.9,7.5,1960,187,160,Washington Port Orchard Channel,47.5463,-122.6472,
pollock,17119-1_64,ile,1.477319641,25.93568036,1.951833333,23.98384703,0.203280594,19-Feb-64,1964,7.9,8.2,8.7,9.9,7.5,1960,187,160,Washington Port Orchard Channel,47.5463,-122.6472,
pollock,17119-1_64,nle,-2.569181001,22.08451433,-3.156833333,25.24134767,0.286784472,19-Feb-64,1964,7.9,8.2,8.7,9.9,7.5,1960,187,160,Washington Port Orchard Channel,47.5463,-122.6472,
pollock,17119-1_64,thr,1.381976893,-12.94697689,-1.558166667,-11.38881023,0.627452787,19-Feb-64,1964,7.9,8.2,8.7,9.9,7.5,1960,187,160,Washington Port Orchard Channel,47.5463,-122.6472,
pollock,17119-1_64,asp,2.70157638,21.98342362,1.7745,20.20892362,0.634320897,19-Feb-64,1964,7.9,8.2,8.7,9.9,7.5,1960,187,160,Washington Port Orchard Channel,47.5463,-122.6472,
pollock,17119-1_64,ser,-1.283101412,17.89010141,-2.1235,20.01360141,0.478050207,19-Feb-64,1964,7.9,8.2,8.7,9.9,7.5,1960,187,160,Washington Port Orchard Channel,47.5463,-122.6472,
pollock,17119-1_64,glu,0.465376123,27.23162388,0.862,26.36962388,0.323309449,19-Feb-64,1964,7.9,8.2,8.7,9.9,7.5,1960,187,160,Washington Port Orchard Channel,47.5463,-122.6472,
pollock,17119-1_64,phe,-0.112759949,6.687759949,0.616666667,6.071093282,0.530879459,19-Feb-64,1964,7.9,8.2,8.7,9.9,7.5,1960,187,160,Washington Port Orchard Channel,47.5463,-122.6472,
pollock,111763-2_91,ala,-0.246902655,29.30040265,-0.6936,29.99400265,0.118086832,8-May-91,1991,9.7,8.4,7.9,7.7,7.1,1990,320,260,Washington Puget Sound 47.8606 -122.5025 52fms,47.8606,-122.5025,"this was #-1 in the Pop file!, the id in this sheet might be wrong!"
pollock,111763-2_91,val,-0.74899115,27.81449115,-0.6734,28.48789115,0.463154942,8-May-91,1991,9.7,8.4,7.9,7.7,7.1,1990,320,260,Washington Puget Sound 47.8606 -122.5025 52fms,47.8606,-122.5025,"this was #-1 in the Pop file!, the id in this sheet might be wrong!"
pollock,111763-2_91,leu,-0.477517699,27.6305177,-0.7848,28.4153177,0.98987474,8-May-91,1991,9.7,8.4,7.9,7.7,7.1,1990,320,260,Washington Puget Sound 47.8606 -122.5025 52fms,47.8606,-122.5025,"this was #-1 in the Pop file!, the id in this sheet might be wrong!"
pollock,111763-2_91,ile,0.054876106,16.03712389,1.2666,14.77052389,1.673014644,8-May-91,1991,9.7,8.4,7.9,7.7,7.1,1990,320,260,Washington Puget Sound 47.8606 -122.5025 52fms,47.8606,-122.5025,"this was #-1 in the Pop file!, the id in this sheet might be wrong!"
pollock,111763-2_91,pro,-1.181429204,28.7324292,2.4538,26.2786292,0.400222438,8-May-91,1991,9.7,8.4,7.9,7.7,7.1,1990,320,260,Washington Puget Sound 47.8606 -122.5025 52fms,47.8606,-122.5025,"this was #-1 in the Pop file!, the id in this sheet might be wrong!"
pollock,111763-2_91,thr,-0.297756637,-16.33174336,-2.3104,-14.02134336,0.630032142,8-May-91,1991,9.7,8.4,7.9,7.7,7.1,1990,320,260,Washington Puget Sound 47.8606 -122.5025 52fms,47.8606,-122.5025,"this was #-1 in the Pop file!, the id in this sheet might be wrong!"
pollock,111763-2_91,asp,0.888132743,27.23386726,0.326,26.90786726,0.868327127,8-May-91,1991,9.7,8.4,7.9,7.7,7.1,1990,320,260,Washington Puget Sound 47.8606 -122.5025 52fms,47.8606,-122.5025,"this was #-1 in the Pop file!, the id in this sheet might be wrong!"
pollock,111763-2_91,ser,-1.407066372,17.43406637,-1.944,19.37806637,0.552957503,8-May-91,1991,9.7,8.4,7.9,7.7,7.1,1990,320,260,Washington Puget Sound 47.8606 -122.5025 52fms,47.8606,-122.5025,"this was #-1 in the Pop file!, the id in this sheet might be wrong!"
pollock,111763-2_91,glu,-0.891915929,29.92391593,0.1556,29.76831593,0.403050865,8-May-91,1991,9.7,8.4,7.9,7.7,7.1,1990,320,260,Washington Puget Sound 47.8606 -122.5025 52fms,47.8606,-122.5025,"this was #-1 in the Pop file!, the id in this sheet might be wrong!"
pollock,111763-2_91,phe,-0.675438053,5.954938053,0.0642,5.890738053,0.092630988,8-May-91,1991,9.7,8.4,7.9,7.7,7.1,1990,320,260,Washington Puget Sound 47.8606 -122.5025 52fms,47.8606,-122.5025,"this was #-1 in the Pop file!, the id in this sheet might be wrong!"
pollock,152946-4_07,ala,-0.356637168,21.7009705,-0.6936,22.3945705,0.089366287,17-Nov-07,2007,9,10,11,11.6,9.29,2000,134,114,"Washington Puget Sound, San Juan Island, Upright Head 48.5758 -122.8867 70m",48.5758,-122.8867,
pollock,152946-4_07,val,-1.081876106,21.46420944,-0.6734,22.13760944,0.220522864,17-Nov-07,2007,9,10,11,11.6,9.29,2000,134,114,"Washington Puget Sound, San Juan Island, Upright Head 48.5758 -122.8867 70m",48.5758,-122.8867,
pollock,152946-4_07,leu,-0.689747788,19.79074779,-0.7848,20.57554779,0.645316202,17-Nov-07,2007,9,10,11,11.6,9.29,2000,134,114,"Washington Puget Sound, San Juan Island, Upright Head 48.5758 -122.8867 70m",48.5758,-122.8867,
pollock,152946-4_07,ile,0.079265487,20.64373451,1.2666,19.37713451,0.37303217,17-Nov-07,2007,9,10,11,11.6,9.29,2000,134,114,"Washington Puget Sound, San Juan Island, Upright Head 48.5758 -122.8867 70m",48.5758,-122.8867,
pollock,152946-4_07,nle,-2.135853982,17.47818732,-2.9814,20.45958732,0.713000935,17-Nov-07,2007,9,10,11,11.6,9.29,2000,134,114,"Washington Puget Sound, San Juan Island, Upright Head 48.5758 -122.8867 70m",48.5758,-122.8867,
pollock,152946-4_07,pro,-1.70650885,24.53017552,2.4538,22.07637552,2.137937402,17-Nov-07,2007,9,10,11,11.6,9.29,2000,134,114,"Washington Puget Sound, San Juan Island, Upright Head 48.5758 -122.8867 70m",48.5758,-122.8867,
pollock,152946-4_07,thr,-0.43009292,-8.546573746,-2.3104,-6.236173746,0.320414315,17-Nov-07,2007,9,10,11,11.6,9.29,2000,134,114,"Washington Puget Sound, San Juan Island, Upright Head 48.5758 -122.8867 70m",48.5758,-122.8867,
pollock,152946-4_07,asp,1.282858407,16.29547493,0.326,15.96947493,0.583020011,17-Nov-07,2007,9,10,11,11.6,9.29,2000,134,114,"Washington Puget Sound, San Juan Island, Upright Head 48.5758 -122.8867 70m",48.5758,-122.8867,
pollock,152946-4_07,ser,-2.032429204,13.02209587,-1.944,14.96609587,1.40334327,17-Nov-07,2007,9,10,11,11.6,9.29,2000,134,114,"Washington Puget Sound, San Juan Island, Upright Head 48.5758 -122.8867 70m",48.5758,-122.8867,
pollock,152946-4_07,glu,-1.288323009,23.41098968,0.1556,23.25538968,0.151862877,17-Nov-07,2007,9,10,11,11.6,9.29,2000,134,114,"Washington Puget Sound, San Juan Island, Upright Head 48.5758 -122.8867 70m",48.5758,-122.8867,
pollock,152946-4_07,phe,-0.975632743,4.812632743,0.0642,4.748432743,0.294144522,17-Nov-07,2007,9,10,11,11.6,9.29,2000,134,114,"Washington Puget Sound, San Juan Island, Upright Head 48.5758 -122.8867 70m",48.5758,-122.8867,
pollock,152946-6_07,ala,-0.438938053,22.91227139,-0.6936,23.60587139,0.133874319,17-Nov-07,2007,9,10,11,11.6,9.29,2000,118,102,"Washington Puget Sound, San Juan Island, Upright Head 48.5758 -122.8867 70m",48.5758,-122.8867,
pollock,152946-6_07,val,-1.331539823,21.67553982,-0.6734,22.34893982,0.177738572,17-Nov-07,2007,9,10,11,11.6,9.29,2000,118,102,"Washington Puget Sound, San Juan Island, Upright Head 48.5758 -122.8867 70m",48.5758,-122.8867,
pollock,152946-6_07,leu,-0.848920354,20.46292035,-0.7848,21.24772035,0.355160527,17-Nov-07,2007,9,10,11,11.6,9.29,2000,118,102,"Washington Puget Sound, San Juan Island, Upright Head 48.5758 -122.8867 70m",48.5758,-122.8867,
pollock,152946-6_07,ile,0.097557522,21.37977581,1.2666,20.11317581,0.222075062,17-Nov-07,2007,9,10,11,11.6,9.29,2000,118,102,"Washington Puget Sound, San Juan Island, Upright Head 48.5758 -122.8867 70m",48.5758,-122.8867,
pollock,152946-6_07,nle,-2.628743363,18.62674336,-2.9814,21.60814336,0.982798555,17-Nov-07,2007,9,10,11,11.6,9.29,2000,118,102,"Washington Puget Sound, San Juan Island, Upright Head 48.5758 -122.8867 70m",48.5758,-122.8867,
pollock,152946-6_07,pro,-2.100318584,27.02398525,2.4538,24.57018525,2.116805691,17-Nov-07,2007,9,10,11,11.6,9.29,2000,118,102,"Washington Puget Sound, San Juan Island, Upright Head 48.5758 -122.8867 70m",48.5758,-122.8867,
pollock,152946-6_07,thr,-0.529345133,-10.07465487,-2.3104,-7.764254867,0.477182355,17-Nov-07,2007,9,10,11,11.6,9.29,2000,118,102,"Washington Puget Sound, San Juan Island, Upright Head 48.5758 -122.8867 70m",48.5758,-122.8867,
pollock,152946-6_07,asp,1.578902655,18.03009735,0.326,17.70409735,0.647527606,17-Nov-07,2007,9,10,11,11.6,9.29,2000,118,102,"Washington Puget Sound, San Juan Island, Upright Head 48.5758 -122.8867 70m",48.5758,-122.8867,
pollock,152946-6_07,ser,-2.501451327,15.03911799,-1.944,16.98311799,0.874199825,17-Nov-07,2007,9,10,11,11.6,9.29,2000,118,102,"Washington Puget Sound, San Juan Island, Upright Head 48.5758 -122.8867 70m",48.5758,-122.8867,
pollock,152946-6_07,glu,-1.585628319,24.69662832,0.1556,24.54102832,0.22224311,17-Nov-07,2007,9,10,11,11.6,9.29,2000,118,102,"Washington Puget Sound, San Juan Island, Upright Head 48.5758 -122.8867 70m",48.5758,-122.8867,
pollock,152946-6_07,phe,-1.200778761,5.345445428,0.0642,5.281245428,0.610251041,17-Nov-07,2007,9,10,11,11.6,9.29,2000,118,102,"Washington Puget Sound, San Juan Island, Upright Head 48.5758 -122.8867 70m",48.5758,-122.8867,
pollock,017150-1_64,ala,-2.201345133,25.8650118,-1.1934,27.0584118,0.194248123,19-Feb-64,1964,7.9,8.2,8.7,9.9,7.5,1960,387,320,Washington Puget Sound; Seattle; Meadow Point,47.6953133,-122.40843,
pollock,017150-1_64,val,-1.60899115,23.47832448,-0.9132,24.39152448,0.578976971,19-Feb-64,1964,7.9,8.2,8.7,9.9,7.5,1960,387,320,Washington Puget Sound; Seattle; Meadow Point,47.6953133,-122.40843,
pollock,017150-1_64,leu,-1.490831858,23.44549853,-1.3066,24.75209853,0.659735048,19-Feb-64,1964,7.9,8.2,8.7,9.9,7.5,1960,387,320,Washington Puget Sound; Seattle; Meadow Point,47.6953133,-122.40843,
pollock,017150-1_64,ile,0.111433628,25.04789971,1.1696,23.87829971,0.247269758,19-Feb-64,1964,7.9,8.2,8.7,9.9,7.5,1960,387,320,Washington Puget Sound; Seattle; Meadow Point,47.6953133,-122.40843,
pollock,017150-1_64,nle,-3.755681416,20.91301475,-3.3228,24.23581475,1.282669612,19-Feb-64,1964,7.9,8.2,8.7,9.9,7.5,1960,387,320,Washington Puget Sound; Seattle; Meadow Point,47.6953133,-122.40843,
pollock,017150-1_64,glu,-2.728070796,27.91540413,-0.4326,28.34800413,0.289614111,19-Feb-64,1964,7.9,8.2,8.7,9.9,7.5,1960,387,320,Washington Puget Sound; Seattle; Meadow Point,47.6953133,-122.40843,
pollock,017150-1_64,phe,-1.862300885,4.495300885,-0.152,4.647300885,0.318312739,19-Feb-64,1964,7.9,8.2,8.7,9.9,7.5,1960,387,320,Washington Puget Sound; Seattle; Meadow Point,47.6953133,-122.40843,
pollock,017150-2_64,ala,0.1916457,26.7083543,-0.139,26.8473543,0.316208792,19-Feb-64,1964,7.9,8.2,8.7,9.9,7.5,1960,320,275,Washington Puget Sound; Seattle; Meadow Point,47.6953133,-122.40843,
pollock,017150-2_64,val,0.346136072,25.04119726,0.160333333,24.88086393,0.147113335,19-Feb-64,1964,7.9,8.2,8.7,9.9,7.5,1960,320,275,Washington Puget Sound; Seattle; Meadow Point,47.6953133,-122.40843,
pollock,017150-2_64,leu,0.600123235,23.95687677,0.096666667,23.8602101,0.38782986,19-Feb-64,1964,7.9,8.2,8.7,9.9,7.5,1960,320,275,Washington Puget Sound; Seattle; Meadow Point,47.6953133,-122.40843,
pollock,017150-2_64,ile,0.830992298,26.32034104,1.951833333,24.3685077,0.102889909,19-Feb-64,1964,7.9,8.2,8.7,9.9,7.5,1960,320,275,Washington Puget Sound; Seattle; Meadow Point,47.6953133,-122.40843,
pollock,017150-2_64,nle,-1.445164313,15.54583098,-3.156833333,18.70266431,0.475333918,19-Feb-64,1964,7.9,8.2,8.7,9.9,7.5,1960,320,275,Washington Puget Sound; Seattle; Meadow Point,47.6953133,-122.40843,
pollock,017150-2_64,thr,0.777362003,-14.389362,-1.558166667,-12.83119534,1.46828914,19-Feb-64,1964,7.9,8.2,8.7,9.9,7.5,1960,320,275,Washington Puget Sound; Seattle; Meadow Point,47.6953133,-122.40843,
pollock,017150-2_64,asp,1.519636714,24.88902995,1.7745,23.11452995,0.367576296,19-Feb-64,1964,7.9,8.2,8.7,9.9,7.5,1960,320,275,Washington Puget Sound; Seattle; Meadow Point,47.6953133,-122.40843,
pollock,017150-2_64,ser,-0.721744544,15.84341121,-2.1235,17.96691121,1.315351791,19-Feb-64,1964,7.9,8.2,8.7,9.9,7.5,1960,320,275,Washington Puget Sound; Seattle; Meadow Point,47.6953133,-122.40843,
pollock,017150-2_64,glu,0.261774069,26.8088926,0.862,25.9468926,0.077105988,19-Feb-64,1964,7.9,8.2,8.7,9.9,7.5,1960,320,275,Washington Puget Sound; Seattle; Meadow Point,47.6953133,-122.40843,
pollock,017150-2_64,phe,-0.063427471,5.250427471,0.616666667,4.633760804,0.048280431,19-Feb-64,1964,7.9,8.2,8.7,9.9,7.5,1960,320,275,Washington Puget Sound; Seattle; Meadow Point,47.6953133,-122.40843,
pollock,002282-2_32,val,-1.028132701,19.58946603,-1.709666667,21.2991327,1.571272202,8/12/32,1932,10.9,10.8,10.4,9.3,11,1930,105,86,San Juan Orcas Is. East Sound 15-17 fins,48.6330603,-122.87028,
pollock,002282-2_32,leu,0.689035088,15.91129825,-1.436,17.34729825,2.040077041,8/12/32,1932,10.9,10.8,10.4,9.3,11,1930,105,86,San Juan Orcas Is. East Sound 15-17 fins,48.6330603,-122.87028,
pollock,002282-2_32,ile,1.266333333,17.81,0.4295,17.3805,2.162938356,8/12/32,1932,10.9,10.8,10.4,9.3,11,1930,105,86,San Juan Orcas Is. East Sound 15-17 fins,48.6330603,-122.87028,
pollock,002282-2_32,nle,-3.168,18.742,-1.89,20.632,2.449720596,8/12/32,1932,10.9,10.8,10.4,9.3,11,1930,105,86,San Juan Orcas Is. East Sound 15-17 fins,48.6330603,-122.87028,
pollock,002282-2_32,glu,-3.627,25.51933333,0.0725,25.44683333,0.128083306,8/12/32,1932,10.9,10.8,10.4,9.3,11,1930,105,86,San Juan Orcas Is. East Sound 15-17 fins,48.6330603,-122.87028,
pollock,002282-2_32,phe,-0.225,2.845333333,-0.1535,2.998833333,0.326258078,8/12/32,1932,10.9,10.8,10.4,9.3,11,1930,105,86,San Juan Orcas Is. East Sound 15-17 fins,48.6330603,-122.87028,
pollock,002887-1_1906,ala,1.346265487,23.39673451,0.4958,22.90093451,0.217262514,9-Jul-06,1906,#4 in WET LAB BOOK!?!?,,,,,1900,,,Waldron Is,48.6835305,-123.00257,
pollock,002887-1_1906,val,-0.328707965,22.3910413,0.0474,22.3436413,0.080226762,9-Jul-06,1906,,,,,,1900,,,Waldron Is,48.6835305,-123.00257,
pollock,002887-1_1906,leu,0.354973451,22.06502655,0.529,21.53602655,0.445500842,9-Jul-06,1906,,,,,,1900,,,Waldron Is,48.6835305,-123.00257,
pollock,002887-1_1906,ile,1.503221239,23.13444543,2.001,21.13344543,0.399430011,9-Jul-06,1906,,,,,,1900,,,Waldron Is,48.6835305,-123.00257,
pollock,002887-1_1906,nle,-1.946761062,18.70476106,-1.7244,20.42916106,0.751622911,9-Jul-06,1906,,,,,,1900,,,Waldron Is,48.6835305,-123.00257,
pollock,002887-1_1906,asp,1.768566372,21.96010029,1.0492,20.91090029,0.392308977,9-Jul-06,1906,,,,,,1900,,,Waldron Is,48.6835305,-123.00257,
pollock,002887-1_1906,ser,-1.448212389,16.23987906,-1.2612,17.50107906,1.616924962,9-Jul-06,1906,,,,,,1900,,,Waldron Is,48.6835305,-123.00257,
pollock,002887-1_1906,glu,-0.011044248,25.50304425,0.898,24.60504425,0.093920179,9-Jul-06,1906,,,,,,1900,,,Waldron Is,48.6835305,-123.00257,
pollock,002887-1_1906,phe,0.215646018,7.353687316,1.0056,6.348087316,1.030145783,9-Jul-06,1906,,,,,,1900,,,Waldron Is,48.6835305,-123.00257,