hostsp,hostid,AA,drift,driftadj,diff,finalvalue,samplestd,date_collected,year,lag0_temp,lag1_temp,lag2_temp,lag3_temp,lag12_temp,decade,tl,sl,location,lat,long,comments
rock,113247_05,ala,0.310734513,24.89193215,-0.3674,25.25933215,0.516116589,11-Oct-05,2005,10.4,11.5,12.1,11.6,10.6,2000,224,208,"Island artificial reef in front of the Langley Marinea, Saratoga Passage- West side, Whidbey Island",48.1231,-122.4378,
rock,113247_05,val,-1.672168142,25.53916814,-1.7566,27.29576814,1.509849993,11-Oct-05,2005,10.4,11.5,12.1,11.6,10.6,2000,224,208,"Island artificial reef in front of the Langley Marinea, Saratoga Passage- West side, Whidbey Island",48.1231,-122.4378,
rock,113247_05,leu,-2.160761062,24.53476106,-2.8912,27.42596106,0.223436792,11-Oct-05,2005,10.4,11.5,12.1,11.6,10.6,2000,224,208,"Island artificial reef in front of the Langley Marinea, Saratoga Passage- West side, Whidbey Island",48.1231,-122.4378,
rock,113247_05,ile,-0.448730088,27.05473009,0.203,26.85173009,0.492780884,11-Oct-05,2005,10.4,11.5,12.1,11.6,10.6,2000,224,208,"Island artificial reef in front of the Langley Marinea, Saratoga Passage- West side, Whidbey Island",48.1231,-122.4378,
rock,113247_05,nle,-1.120013274,15.44934661,-2.3156,17.76494661,0.365000457,11-Oct-05,2005,10.4,11.5,12.1,11.6,10.6,2000,224,208,"Island artificial reef in front of the Langley Marinea, Saratoga Passage- West side, Whidbey Island",48.1231,-122.4378,
rock,113247_05,thr,0.041415929,-16.6650826,-3.1486,-13.5164826,0.244287399,11-Oct-05,2005,10.4,11.5,12.1,11.6,10.6,2000,224,208,"Island artificial reef in front of the Langley Marinea, Saratoga Passage- West side, Whidbey Island",48.1231,-122.4378,
rock,113247_05,asp,-0.672721239,19.10305457,-2.5448,21.64785457,2.217222211,11-Oct-05,2005,10.4,11.5,12.1,11.6,10.6,2000,224,208,"Island artificial reef in front of the Langley Marinea, Saratoga Passage- West side, Whidbey Island",48.1231,-122.4378,
rock,113247_05,ser,-1.724743363,19.34174336,-3.2912,22.63294336,3.247830045,11-Oct-05,2005,10.4,11.5,12.1,11.6,10.6,2000,224,208,"Island artificial reef in front of the Langley Marinea, Saratoga Passage- West side, Whidbey Island",48.1231,-122.4378,
rock,113247_05,glu,-1.28889823,27.14589823,-0.7584,27.90429823,0.144634021,11-Oct-05,2005,10.4,11.5,12.1,11.6,10.6,2000,224,208,"Island artificial reef in front of the Langley Marinea, Saratoga Passage- West side, Whidbey Island",48.1231,-122.4378,
rock,113247_05,phe,-1.336411504,4.340744838,-0.6582,4.998944838,0.493001352,11-Oct-05,2005,10.4,11.5,12.1,11.6,10.6,2000,224,208,"Island artificial reef in front of the Langley Marinea, Saratoga Passage- West side, Whidbey Island",48.1231,-122.4378,
rock,006144_51,ala,-1.041438053,26.68743805,-0.9488,27.63623805,0.206639783,7-Apr-51,1951,8.1,6.7,6.9,7.5,7.7,1950,252,210,"Island Holmes Harbor, Off Dines Point, Whidbey Island",48.0767949,-122.5445896,
rock,006144_51,val,-0.77810177,24.5204351,-0.6288,25.1492351,0.619596912,7-Apr-51,1951,8.1,6.7,6.9,7.5,7.7,1950,252,210,"Island Holmes Harbor, Off Dines Point, Whidbey Island",48.0767949,-122.5445896,
rock,006144_51,leu,-0.17250885,23.74150885,-1.1564,24.89790885,0.484594676,7-Apr-51,1951,8.1,6.7,6.9,7.5,7.7,1950,252,210,"Island Holmes Harbor, Off Dines Point, Whidbey Island",48.0767949,-122.5445896,
rock,006144_51,ile,0.411455752,25.89487758,1.1244,24.77047758,0.713324844,7-Apr-51,1951,8.1,6.7,6.9,7.5,7.7,1950,252,210,"Island Holmes Harbor, Off Dines Point, Whidbey Island",48.0767949,-122.5445896,
rock,006144_51,nle,-0.233821918,13.85182192,-1.32925,15.18107192,0.507666229,7-Apr-51,1951,8.1,6.7,6.9,7.5,7.7,1950,252,210,"Island Holmes Harbor, Off Dines Point, Whidbey Island",48.0767949,-122.5445896,
rock,006144_51,pro,-0.30824115,29.94574115,2.5044,27.44134115,0.020506097,7-Apr-51,1951,8.1,6.7,6.9,7.5,7.7,1950,252,210,"Island Holmes Harbor, Off Dines Point, Whidbey Island",48.0767949,-122.5445896,
rock,006144_51,thr,0.344615044,-11.60128171,-2.5902,-9.011081711,0.345348134,7-Apr-51,1951,8.1,6.7,6.9,7.5,7.7,1950,252,210,"Island Holmes Harbor, Off Dines Point, Whidbey Island",48.0767949,-122.5445896,
rock,006144_51,asp,1.129504425,20.49116224,0.132,20.35916224,2.739667194,7-Apr-51,1951,8.1,6.7,6.9,7.5,7.7,1950,252,210,"Island Holmes Harbor, Off Dines Point, Whidbey Island",48.0767949,-122.5445896,
rock,006144_51,ser,-0.354623894,15.68729056,-1.4108,17.09809056,2.737086103,7-Apr-51,1951,8.1,6.7,6.9,7.5,7.7,1950,252,210,"Island Holmes Harbor, Off Dines Point, Whidbey Island",48.0767949,-122.5445896,
rock,006144_51,glu,-0.281053097,26.2680531,0.9056,25.3624531,0.080672176,7-Apr-51,1951,8.1,6.7,6.9,7.5,7.7,1950,252,210,"Island Holmes Harbor, Off Dines Point, Whidbey Island",48.0767949,-122.5445896,
rock,006144_51,phe,-0.097730088,4.788730088,0.6642,4.124530088,0.2671872,7-Apr-51,1951,8.1,6.7,6.9,7.5,7.7,1950,252,210,"Island Holmes Harbor, Off Dines Point, Whidbey Island",48.0767949,-122.5445896,
rock,022341_79,ala,-1.676769912,27.23510324,-0.9382,28.17330324,0.512981806,16-Jan-79,1979,6.5,7.3,8.2,9.8,7.6,1970,181,147,"Jefferson Upper Dabob Bay, Hood Canal",47.83863598,-122.8146474,
rock,022341_79,val,-1.965933628,26.18760029,-0.8716,27.05920029,1.32803627,16-Jan-79,1979,6.5,7.3,8.2,9.8,7.6,1970,181,147,"Jefferson Upper Dabob Bay, Hood Canal",47.83863598,-122.8146474,
rock,022341_79,leu,-2.322283186,25.26328319,-1.1552,26.41848319,0.116090482,16-Jan-79,1979,6.5,7.3,8.2,9.8,7.6,1970,181,147,"Jefferson Upper Dabob Bay, Hood Canal",47.83863598,-122.8146474,
rock,022341_79,ile,-0.496933628,26.76126696,0.5992,26.16206696,0.394107007,16-Jan-79,1979,6.5,7.3,8.2,9.8,7.6,1970,181,147,"Jefferson Upper Dabob Bay, Hood Canal",47.83863598,-122.8146474,
rock,022341_79,nle,-1.164017699,14.5880177,-1.8224,16.4104177,0.125765655,16-Jan-79,1979,6.5,7.3,8.2,9.8,7.6,1970,181,147,"Jefferson Upper Dabob Bay, Hood Canal",47.83863598,-122.8146474,
rock,022341_79,pro,-1.716747788,29.70774779,3.1086,26.59914779,2.988193267,16-Jan-79,1979,6.5,7.3,8.2,9.8,7.6,1970,181,147,"Jefferson Upper Dabob Bay, Hood Canal",47.83863598,-122.8146474,
rock,022341_79,thr,-1.480792035,-15.21287463,-2.4998,-12.71307463,0.735591145,16-Jan-79,1979,6.5,7.3,8.2,9.8,7.6,1970,181,147,"Jefferson Upper Dabob Bay, Hood Canal",47.83863598,-122.8146474,
rock,022341_79,asp,-1.847323009,22.78965634,-0.722,23.51165634,2.323628484,16-Jan-79,1979,6.5,7.3,8.2,9.8,7.6,1970,181,147,"Jefferson Upper Dabob Bay, Hood Canal",47.83863598,-122.8146474,
rock,022341_79,ser,-2.808747788,17.01108112,-1.969,18.98008112,1.580185538,16-Jan-79,1979,6.5,7.3,8.2,9.8,7.6,1970,181,147,"Jefferson Upper Dabob Bay, Hood Canal",47.83863598,-122.8146474,
rock,022341_79,glu,-1.107530973,27.08853097,0.5944,26.49413097,0.195701303,16-Jan-79,1979,6.5,7.3,8.2,9.8,7.6,1970,181,147,"Jefferson Upper Dabob Bay, Hood Canal",47.83863598,-122.8146474,
rock,022341_79,phe,-0.36509292,5.064426254,0.6798,4.384626254,0.474622306,16-Jan-79,1979,6.5,7.3,8.2,9.8,7.6,1970,181,147,"Jefferson Upper Dabob Bay, Hood Canal",47.83863598,-122.8146474,
rock,000765-1_29*correct755_01,ala,-0.180106195,25.23843953,-0.4588,25.69723953,0.204588204,25-Oct-29,1929,9.8,10.7,10.8,10.8,9.2,1920,159,138,"King Alki Point, West Seattle",47.58291,-122.4509,
rock,000765-1_29*correct755_01,val,0.031646018,8.547687316,-0.1918,8.739487316,0.23701758,25-Oct-29,1929,9.8,10.7,10.8,10.8,9.2,1920,159,138,"King Alki Point, West Seattle",47.58291,-122.4509,
rock,000765-1_29*correct755_01,leu,-0.160353982,24.39702065,-0.1874,24.58442065,1.714364411,25-Oct-29,1929,9.8,10.7,10.8,10.8,9.2,1920,159,138,"King Alki Point, West Seattle",47.58291,-122.4509,
rock,000765-1_29*correct755_01,ile,-0.064637168,22.4339705,1.0028,21.4311705,0.431890418,25-Oct-29,1929,9.8,10.7,10.8,10.8,9.2,1920,159,138,"King Alki Point, West Seattle",47.58291,-122.4509,
rock,000765-1_29*correct755_01,nle,-1.14279646,25.36679646,-1.6064,26.97319646,0.518818851,25-Oct-29,1929,9.8,10.7,10.8,10.8,9.2,1920,159,138,"King Alki Point, West Seattle",47.58291,-122.4509,
rock,000765-1_29*correct755_01,pro,2.028318584,13.07634808,3.2712,9.805148083,0.628444376,25-Oct-29,1929,9.8,10.7,10.8,10.8,9.2,1920,159,138,"King Alki Point, West Seattle",47.58291,-122.4509,
rock,000765-1_29*correct755_01,thr,0.856849558,19.49181711,-1.5674,21.05921711,0.331047328,25-Oct-29,1929,9.8,10.7,10.8,10.8,9.2,1920,159,138,"King Alki Point, West Seattle",47.58291,-122.4509,
rock,000765-1_29*correct755_01,asp,2.074831858,18.54316814,-0.3166,18.85976814,0.265277213,25-Oct-29,1929,9.8,10.7,10.8,10.8,9.2,1920,159,138,"King Alki Point, West Seattle",47.58291,-122.4509,
rock,000765-1_29*correct755_01,ser,0.28460177,15.17639823,-1.2016,16.37799823,1.43030731,25-Oct-29,1929,9.8,10.7,10.8,10.8,9.2,1920,159,138,"King Alki Point, West Seattle",47.58291,-122.4509,
rock,000765-1_29*correct755_01,glu,0.137699115,23.92963422,0.8914,23.03823422,0.214047503,25-Oct-29,1929,9.8,10.7,10.8,10.8,9.2,1920,159,138,"King Alki Point, West Seattle",47.58291,-122.4509,
rock,000765-1_29*correct755_01,phe,-0.005097345,6.108764012,0.9116,5.197164012,0.530329457,25-Oct-29,1929,9.8,10.7,10.8,10.8,9.2,1920,159,138,"King Alki Point, West Seattle",47.58291,-122.4509,
rock,000755-2_29,ala,0.204672657,24.49599401,-0.879,25.37499401,0.15993853,25-Oct-29,1929,9.8,10.7,10.8,10.8,9.2,1920,188,160,"King Alki Point, West Seattle",47.58291,-122.4509,
rock,000755-2_29,val,0.023286264,26.44504707,-0.613166667,27.05821374,0.351027539,25-Oct-29,1929,9.8,10.7,10.8,10.8,9.2,1920,188,160,"King Alki Point, West Seattle",47.58291,-122.4509,
rock,000755-2_29,leu,0.894111111,21.95788889,-1.01425,22.97213889,0.144595989,25-Oct-29,1929,9.8,10.7,10.8,10.8,9.2,1920,188,160,"King Alki Point, West Seattle",47.58291,-122.4509,
rock,000755-2_29,ile,-14.62444159,39.61810826,5.234666667,34.38344159,0.294730951,25-Oct-29,1929,9.8,10.7,10.8,10.8,9.2,1920,188,160,"King Alki Point, West Seattle",47.58291,-122.4509,
rock,000755-2_29,nle,NA,NA,-2.004,NA,0.441366439,25-Oct-29,1929,9.8,10.7,10.8,10.8,9.2,1920,188,160,"King Alki Point, West Seattle",47.58291,-122.4509,
rock,000755-2_29,glu,0.188806162,24.35419384,0.721666667,23.63252717,0.35797905,25-Oct-29,1929,9.8,10.7,10.8,10.8,9.2,1920,188,160,"King Alki Point, West Seattle",47.58291,-122.4509,
rock,000755-2_29,phe,0.219794608,5.757872058,0.402833333,5.355038725,0.423178843,25-Oct-29,1929,9.8,10.7,10.8,10.8,9.2,1920,188,160,"King Alki Point, West Seattle",47.58291,-122.4509,
rock,014383_58,ala,-1.355616438,26.48394977,-0.972,27.45594977,0.22055007,26-Apr-58,1958,9.3,8.6,8.3,8,8.1,1950,232,192,"King Ballard, Seattle",47.67337,-122.4112,
rock,014383_58,val,-0.708630137,24.65196347,-0.587,25.23896347,2.099477157,26-Apr-58,1958,9.3,8.6,8.3,8,8.1,1950,232,192,"King Ballard, Seattle",47.67337,-122.4112,
rock,014383_58,leu,-2.908630137,26.6412968,-1.22075,27.8620468,0.380384455,26-Apr-58,1958,9.3,8.6,8.3,8,8.1,1950,232,192,"King Ballard, Seattle",47.67337,-122.4112,
rock,014383_58,ile,-0.918947368,25.1072807,1.018666667,24.08861404,0.410940791,26-Apr-58,1958,9.3,8.6,8.3,8,8.1,1950,232,192,"King Ballard, Seattle",47.67337,-122.4112,
rock,014383_58,nle,0.025890411,15.24177626,-1.4025,16.64427626,0.977486743,26-Apr-58,1958,9.3,8.6,8.3,8,8.1,1950,232,192,"King Ballard, Seattle",47.67337,-122.4112,
rock,014383_58,pro,-2.002739726,28.39407306,-7.017,35.41107306,0.643457328,26-Apr-58,1958,9.3,8.6,8.3,8,8.1,1950,232,192,"King Ballard, Seattle",47.67337,-122.4112,
rock,014383_58,thr,-1.237068493,-2.000931507,-2.86375,0.862818493,20.96968462,26-Apr-58,1958,9.3,8.6,8.3,8,8.1,1950,232,192,"King Ballard, Seattle",47.67337,-122.4112,
rock,014383_58,asp,-0.177671233,19.95000457,0.52375,19.42625457,2.148925856,26-Apr-58,1958,9.3,8.6,8.3,8,8.1,1950,232,192,"King Ballard, Seattle",47.67337,-122.4112,
rock,014383_58,ser,-2.129452055,23.52011872,-1.227,24.74711872,3.520279014,26-Apr-58,1958,9.3,8.6,8.3,8,8.1,1950,232,192,"King Ballard, Seattle",47.67337,-122.4112,
rock,014383_58,glu,-0.912530822,26.87853082,1.01175,25.86678082,0.159806133,26-Apr-58,1958,9.3,8.6,8.3,8,8.1,1950,232,192,"King Ballard, Seattle",47.67337,-122.4112,
rock,014383_58,phe,-0.306438356,4.452438356,0.7705,3.681938356,0.617776659,26-Apr-58,1958,9.3,8.6,8.3,8,8.1,1950,232,192,"King Ballard, Seattle",47.67337,-122.4112,
rock,005968_49,ala,-0.480663717,27.27999705,-0.9488,28.22879705,0.403537276,28-Jul-49,1949,10.3,10.1,9.4,8.3,10.8,1940,260,214,"King Carkeek Park Beach, Seattle",47.72017,-122.3893,
rock,005968_49,val,-0.359123894,28.15512389,-0.6288,28.78392389,0.399698636,28-Jul-49,1949,10.3,10.1,9.4,8.3,10.8,1940,260,214,"King Carkeek Park Beach, Seattle",47.72017,-122.3893,
rock,005968_49,leu,-0.079619469,25.1429528,-1.1564,26.2993528,0.515969314,28-Jul-49,1949,10.3,10.1,9.4,8.3,10.8,1940,260,214,"King Carkeek Park Beach, Seattle",47.72017,-122.3893,
rock,005968_49,ile,0.189902655,26.66276401,1.1244,25.53836401,0.419738411,28-Jul-49,1949,10.3,10.1,9.4,8.3,10.8,1940,260,214,"King Carkeek Park Beach, Seattle",47.72017,-122.3893,
rock,005968_49,nle,-0.107917808,12.06291781,-1.32925,13.39216781,2.0151459,28-Jul-49,1949,10.3,10.1,9.4,8.3,10.8,1940,260,214,"King Carkeek Park Beach, Seattle",47.72017,-122.3893,
rock,005968_49,pro,-0.135626106,32.34212611,2.5044,29.83772611,0.026162951,28-Jul-49,1949,10.3,10.1,9.4,8.3,10.8,1940,260,214,"King Carkeek Park Beach, Seattle",47.72017,-122.3893,
rock,005968_49,thr,0.159053097,-14.32271976,-2.5902,-11.73251976,0.541356013,28-Jul-49,1949,10.3,10.1,9.4,8.3,10.8,1940,260,214,"King Carkeek Park Beach, Seattle",47.72017,-122.3893,
rock,005968_49,asp,0.521309735,21.43569027,0.132,21.30369027,0.020808652,28-Jul-49,1949,10.3,10.1,9.4,8.3,10.8,1940,260,214,"King Carkeek Park Beach, Seattle",47.72017,-122.3893,
rock,005968_49,ser,-0.163672566,15.26367257,-1.4108,16.67447257,0.763326274,28-Jul-49,1949,10.3,10.1,9.4,8.3,10.8,1940,260,214,"King Carkeek Park Beach, Seattle",47.72017,-122.3893,
rock,005968_49,glu,-0.129716814,27.66071681,0.9056,26.75511681,0.271733325,28-Jul-49,1949,10.3,10.1,9.4,8.3,10.8,1940,260,214,"King Carkeek Park Beach, Seattle",47.72017,-122.3893,
rock,005968_49,phe,-0.045106195,6.534106195,0.6642,5.869906195,0.449053449,28-Jul-49,1949,10.3,10.1,9.4,8.3,10.8,1940,260,214,"King Carkeek Park Beach, Seattle",47.72017,-122.3893,
rock,005858_50,ala,-0.406684932,27.36268493,-0.972,28.33468493,0.311818858,26-Jun-50,1950,9.4,8.7,7.7,6.6,10.1,1950,235,200,"King Golden Gardens, Seattle",47.69277,-122.4204,
rock,005858_50,val,-0.212589041,24.42558904,-0.587,25.01258904,0.277512162,26-Jun-50,1950,9.4,8.7,7.7,6.6,10.1,1950,235,200,"King Golden Gardens, Seattle",47.69277,-122.4204,
rock,005858_50,leu,-0.872589041,24.60925571,-1.22075,25.83000571,0.414357736,26-Jun-50,1950,9.4,8.7,7.7,6.6,10.1,1950,235,200,"King Golden Gardens, Seattle",47.69277,-122.4204,
rock,005858_50,ile,-0.275684211,26.25001754,1.018666667,25.23135088,0.275685207,26-Jun-50,1950,9.4,8.7,7.7,6.6,10.1,1950,235,200,"King Golden Gardens, Seattle",47.69277,-122.4204,
rock,005858_50,nle,0.007767123,13.89789954,-1.4025,15.30039954,0.0766442,26-Jun-50,1950,9.4,8.7,7.7,6.6,10.1,1950,235,200,"King Golden Gardens, Seattle",47.69277,-122.4204,
rock,005858_50,pro,-0.600821918,28.58148858,-7.017,35.59848858,0.607741996,26-Jun-50,1950,9.4,8.7,7.7,6.6,10.1,1950,235,200,"King Golden Gardens, Seattle",47.69277,-122.4204,
rock,005858_50,thr,-0.383917808,-13.63274886,-2.86375,-10.76899886,0.449356577,26-Jun-50,1950,9.4,8.7,7.7,6.6,10.1,1950,235,200,"King Golden Gardens, Seattle",47.69277,-122.4204,
rock,005858_50,asp,-0.05330137,22.6686347,0.52375,22.1448847,0.483046927,26-Jun-50,1950,9.4,8.7,7.7,6.6,10.1,1950,235,200,"King Golden Gardens, Seattle",47.69277,-122.4204,
rock,005858_50,ser,-0.638835616,16.44983562,-1.227,17.67683562,2.298055482,26-Jun-50,1950,9.4,8.7,7.7,6.6,10.1,1950,235,200,"King Golden Gardens, Seattle",47.69277,-122.4204,
rock,005858_50,glu,-0.267082192,26.91941553,1.01175,25.90766553,0.191197106,26-Jun-50,1950,9.4,8.7,7.7,6.6,10.1,1950,235,200,"King Golden Gardens, Seattle",47.69277,-122.4204,
rock,005858_50,phe,-0.091931507,5.77526484,0.7705,5.00476484,0.455675689,26-Jun-50,1950,9.4,8.7,7.7,6.6,10.1,1950,235,200,"King Golden Gardens, Seattle",47.69277,-122.4204,
rock,017149-1_64,ala,-0.773893805,27.06989381,-0.9382,28.00809381,0.107349895,19-Feb-64,1964,7.9,8.2,8.7,9.9,7.5,1960,248,206,King Meadow Point Seattle,47.69531335,-122.4084323,
rock,017149-1_64,val,-0.907353982,26.01035398,-0.8716,26.88195398,1.345167276,19-Feb-64,1964,7.9,8.2,8.7,9.9,7.5,1960,248,206,King Meadow Point Seattle,47.69531335,-122.4084323,
rock,017149-1_64,leu,-1.071823009,24.81148968,-1.1552,25.96668968,0.118601574,19-Feb-64,1964,7.9,8.2,8.7,9.9,7.5,1960,248,206,King Meadow Point Seattle,47.69531335,-122.4084323,
rock,017149-1_64,ile,-0.229353982,25.07568732,0.5992,24.47648732,0.117355585,19-Feb-64,1964,7.9,8.2,8.7,9.9,7.5,1960,248,206,King Meadow Point Seattle,47.69531335,-122.4084323,
rock,017149-1_64,nle,-0.537238938,14.7649056,-1.8224,16.5873056,0.09351114,19-Feb-64,1964,7.9,8.2,8.7,9.9,7.5,1960,248,206,King Meadow Point Seattle,47.69531335,-122.4084323,
rock,017149-1_64,pro,-0.792345133,27.4060118,3.1086,24.2974118,1.069454222,19-Feb-64,1964,7.9,8.2,8.7,9.9,7.5,1960,248,206,King Meadow Point Seattle,47.69531335,-122.4084323,
rock,017149-1_64,thr,-0.683442478,-16.03755752,-2.4998,-13.53775752,0.104799809,19-Feb-64,1964,7.9,8.2,8.7,9.9,7.5,1960,248,206,King Meadow Point Seattle,47.69531335,-122.4084323,
rock,017149-1_64,asp,-0.852610619,22.05627729,-0.722,22.77827729,0.241000692,19-Feb-64,1964,7.9,8.2,8.7,9.9,7.5,1960,248,206,King Meadow Point Seattle,47.69531335,-122.4084323,
rock,017149-1_64,ser,-1.296345133,12.92534513,-1.969,14.89434513,1.494958528,19-Feb-64,1964,7.9,8.2,8.7,9.9,7.5,1960,248,206,King Meadow Point Seattle,47.69531335,-122.4084323,
rock,017149-1_64,glu,-0.511168142,27.07816814,0.5944,26.48376814,0.138610966,19-Feb-64,1964,7.9,8.2,8.7,9.9,7.5,1960,248,206,King Meadow Point Seattle,47.69531335,-122.4084323,
rock,017149-1_64,phe,-0.168504425,6.028837758,0.6798,5.349037758,0.244217799,19-Feb-64,1964,7.9,8.2,8.7,9.9,7.5,1960,248,206,King Meadow Point Seattle,47.69531335,-122.4084323,
rock,017149-2_64,ala,-1.160840708,26.88850737,-0.9382,27.82670737,0.250170608,19-Feb-64,1964,7.9,8.2,8.7,9.9,7.5,1960,277,230,King Meadow Point Seattle,47.69531335,-122.4084323,
rock,017149-2_64,val,-1.361030973,27.80969764,-0.8716,28.68129764,0.32340738,19-Feb-64,1964,7.9,8.2,8.7,9.9,7.5,1960,277,230,King Meadow Point Seattle,47.69531335,-122.4084323,
rock,017149-2_64,leu,-1.607734513,24.48806785,-1.1552,25.64326785,0.306021786,19-Feb-64,1964,7.9,8.2,8.7,9.9,7.5,1960,277,230,King Meadow Point Seattle,47.69531335,-122.4084323,
rock,017149-2_64,ile,-0.344030973,22.32103097,0.5992,21.72183097,0.202071769,19-Feb-64,1964,7.9,8.2,8.7,9.9,7.5,1960,277,230,King Meadow Point Seattle,47.69531335,-122.4084323,
rock,017149-2_64,nle,-0.805858407,15.76652507,-1.8224,17.58892507,0.653408244,19-Feb-64,1964,7.9,8.2,8.7,9.9,7.5,1960,277,230,King Meadow Point Seattle,47.69531335,-122.4084323,
rock,017149-2_64,pro,-1.188517699,29.38218437,3.1086,26.27358437,0.452287888,19-Feb-64,1964,7.9,8.2,8.7,9.9,7.5,1960,277,230,King Meadow Point Seattle,47.69531335,-122.4084323,
rock,017149-2_64,asp,-1.278915929,21.26124926,-0.722,21.98324926,0.371860637,19-Feb-64,1964,7.9,8.2,8.7,9.9,7.5,1960,277,230,King Meadow Point Seattle,47.69531335,-122.4084323,
rock,017149-2_64,glu,-0.766752212,26.43808555,0.5944,25.84368555,0.25050815,19-Feb-64,1964,7.9,8.2,8.7,9.9,7.5,1960,277,230,King Meadow Point Seattle,47.69531335,-122.4084323,
rock,017149-2_64,phe,-0.252756637,6.094756637,0.6798,5.414956637,0.500856267,19-Feb-64,1964,7.9,8.2,8.7,9.9,7.5,1960,277,230,King Meadow Point Seattle,47.69531335,-122.4084323,
rock,004662_40,ala,-0.610027397,26.27469406,-0.972,27.24669406,0.33320014,18-Apr-40,1940,10,9,8.2,7.9,8.6,1940,187,157,"King North Beach, Seattle Was. Puget Sound off North Beb gill net and otter trawl",47.70962,-122.4065,
rock,004662_40,val,-0.318883562,23.46388356,-0.587,24.05088356,1.943245481,18-Apr-40,1940,10,9,8.2,7.9,8.6,1940,187,157,"King North Beach, Seattle Was. Puget Sound off North Beb gill net and otter trawl",47.70962,-122.4065,
rock,004662_40,leu,-1.308883562,23.95421689,-1.22075,25.17496689,0.096241017,18-Apr-40,1940,10,9,8.2,7.9,8.6,1940,187,157,"King North Beach, Seattle Was. Puget Sound off North Beb gill net and otter trawl",47.70962,-122.4065,
rock,004662_40,ile,-0.413526316,24.92119298,1.018666667,23.90252632,0.586515416,18-Apr-40,1940,10,9,8.2,7.9,8.6,1940,187,157,"King North Beach, Seattle Was. Puget Sound off North Beb gill net and otter trawl",47.70962,-122.4065,
rock,004662_40,nle,0.011650685,14.23701598,-1.4025,15.63951598,0.307259391,18-Apr-40,1940,10,9,8.2,7.9,8.6,1940,187,157,"King North Beach, Seattle Was. Puget Sound off North Beb gill net and otter trawl",47.70962,-122.4065,
rock,004662_40,pro,-0.95130137,28.41030137,-7.017,35.42730137,1.158240908,18-Apr-40,1940,10,9,8.2,7.9,8.6,1940,187,157,"King North Beach, Seattle Was. Puget Sound off North Beb gill net and otter trawl",47.70962,-122.4065,
rock,004662_40,thr,-0.559880137,-4.416369863,-2.86375,-1.552619863,21.69329387,18-Apr-40,1940,10,9,8.2,7.9,8.6,1940,187,157,"King North Beach, Seattle Was. Puget Sound off North Beb gill net and otter trawl",47.70962,-122.4065,
rock,004662_40,asp,-0.079952055,22.49795205,0.52375,21.97420205,0.764831354,18-Apr-40,1940,10,9,8.2,7.9,8.6,1940,187,157,"King North Beach, Seattle Was. Puget Sound off North Beb gill net and otter trawl",47.70962,-122.4065,
rock,004662_40,ser,-0.958253425,15.62792009,-1.227,16.85492009,1.1168081,18-Apr-40,1940,10,9,8.2,7.9,8.6,1940,187,157,"King North Beach, Seattle Was. Puget Sound off North Beb gill net and otter trawl",47.70962,-122.4065,
rock,004662_40,glu,-0.400623288,26.88428995,1.01175,25.87253995,0.18586644,18-Apr-40,1940,10,9,8.2,7.9,8.6,1940,187,157,"King North Beach, Seattle Was. Puget Sound off North Beb gill net and otter trawl",47.70962,-122.4065,
rock,004662_40,phe,-0.13789726,5.772230594,0.7705,5.001730594,0.4973292,18-Apr-40,1940,10,9,8.2,7.9,8.6,1940,187,157,"King North Beach, Seattle Was. Puget Sound off North Beb gill net and otter trawl",47.70962,-122.4065,
rock,111124_04,ala,-0.092015404,26.56868207,-0.081333333,26.6500154,0.173338782,12-Sep-04,2004,11.2,11.9,11.8,11,11.4,2000,210,170,King West Point,47.6619,-122.4358,
rock,111124_04,val,-1.517802311,24.18746898,-1.48,25.66746898,0.898879488,12-Sep-04,2004,11.2,11.9,11.8,11,11.4,2000,210,170,King West Point,47.6619,-122.4358,
rock,111124_04,leu,-2.642320924,25.58698759,-2.430666667,28.01765426,0.508866715,12-Sep-04,2004,11.2,11.9,11.8,11,11.4,2000,210,170,King West Point,47.6619,-122.4358,
rock,111124_04,ile,-0.642505777,25.81283911,0.271666667,25.54117244,0.374680308,12-Sep-04,2004,11.2,11.9,11.8,11,11.4,2000,210,170,King West Point,47.6619,-122.4358,
rock,111124_04,nle,-2.261833119,17.08683312,-1.491833333,18.57866645,0.364521604,12-Sep-04,2004,11.2,11.9,11.8,11,11.4,2000,210,170,King West Point,47.6619,-122.4358,
rock,111124_04,pro,-2.646017972,29.16068464,-0.325666667,29.48635131,0.636972789,12-Sep-04,2004,11.2,11.9,11.8,11,11.4,2000,210,170,King West Point,47.6619,-122.4358,
rock,111124_04,thr,-0.889982028,-18.59168464,-2.2635,-16.32818464,0.700871125,12-Sep-04,2004,11.2,11.9,11.8,11,11.4,2000,210,170,King West Point,47.6619,-122.4358,
rock,111124_04,asp,-0.460405648,22.76107231,-0.951666667,23.71273898,0.838311597,12-Sep-04,2004,11.2,11.9,11.8,11,11.4,2000,210,170,King West Point,47.6619,-122.4358,
rock,111124_04,ser,-2.291779204,21.93744587,-2.376833333,24.3142792,2.244792715,12-Sep-04,2004,11.2,11.9,11.8,11,11.4,2000,210,170,King West Point,47.6619,-122.4358,
rock,111124_04,glu,-2.181976893,29.49031023,-0.275833333,29.76614356,0.141765064,12-Sep-04,2004,11.2,11.9,11.8,11,11.4,2000,210,170,King West Point,47.6619,-122.4358,
rock,111124_04,phe,-1.288379974,4.565713308,-0.358666667,4.924379974,0.967057565,12-Sep-04,2004,11.2,11.9,11.8,11,11.4,2000,210,170,King West Point,47.6619,-122.4358,
rock,004994_39,ala,-0.146336283,26.81333628,-0.4588,27.27213628,0.220115879,15-Jul-39,1939,12.2,11.4,10.3,8.6,12.7,1930,226,187,"King, Redondo Beach",47.34787571,-122.3302701,
rock,004994_39,val,0.025712389,25.53162094,-0.1918,25.72342094,1.079613974,15-Jul-39,1939,12.2,11.4,10.3,8.6,12.7,1930,226,187,"King, Redondo Beach",47.34787571,-122.3302701,
rock,004994_39,leu,-0.130287611,24.18928761,-0.1874,24.37668761,0.074484898,15-Jul-39,1939,12.2,11.4,10.3,8.6,12.7,1930,226,187,"King, Redondo Beach",47.34787571,-122.3302701,
rock,004994_39,ile,-0.052517699,24.26085103,1.0028,23.25805103,0.22894832,15-Jul-39,1939,12.2,11.4,10.3,8.6,12.7,1930,226,187,"King, Redondo Beach",47.34787571,-122.3302701,
rock,004994_39,nle,-0.928522124,15.56418879,-1.6064,17.17058879,0.444513592,15-Jul-39,1939,12.2,11.4,10.3,8.6,12.7,1930,226,187,"King, Redondo Beach",47.34787571,-122.3302701,
rock,004994_39,pro,1.64800885,25.99732448,3.2712,22.72612448,0.481975449,15-Jul-39,1939,12.2,11.4,10.3,8.6,12.7,1930,226,187,"King, Redondo Beach",47.34787571,-122.3302701,
rock,004994_39,thr,0.696190265,-11.6725236,-1.5674,-10.1051236,1.148000581,15-Jul-39,1939,12.2,11.4,10.3,8.6,12.7,1930,226,187,"King, Redondo Beach",47.34787571,-122.3302701,
rock,004994_39,asp,1.685800885,18.42853245,-0.3166,18.74513245,2.157020244,15-Jul-39,1939,12.2,11.4,10.3,8.6,12.7,1930,226,187,"King, Redondo Beach",47.34787571,-122.3302701,
rock,004994_39,ser,0.231238938,13.57342773,-1.2016,14.77502773,2.864823264,15-Jul-39,1939,12.2,11.4,10.3,8.6,12.7,1930,226,187,"King, Redondo Beach",47.34787571,-122.3302701,
rock,004994_39,glu,0.111880531,25.74411947,0.8914,24.85271947,0.127659704,15-Jul-39,1939,12.2,11.4,10.3,8.6,12.7,1930,226,187,"King, Redondo Beach",47.34787571,-122.3302701,
rock,004994_39,phe,-0.004141593,6.96180826,0.9116,6.05020826,0.170294842,15-Jul-39,1939,12.2,11.4,10.3,8.6,12.7,1930,226,187,"King, Redondo Beach",47.34787571,-122.3302701,
rock,022149_91,ala,0.143415929,25.07558407,-0.3674,25.44298407,0.419157488,16-Nov-91,1991,8.9,10.1,11.2,11,9.9,1990,248,209,"Kitsap off Blakely Rod, Near Blakely Harbor on Bainbridge Island",47.6,-122.4833,
rock,022149_91,val,-0.771769912,27.29643658,-1.7566,29.05303658,0.14007617,16-Nov-91,1991,8.9,10.1,11.2,11,9.9,1990,248,209,"Kitsap off Blakely Rod, Near Blakely Harbor on Bainbridge Island",47.6,-122.4833,
rock,022149_91,leu,-0.997274336,24.680941,-2.8912,27.572141,0.373750362,16-Nov-91,1991,8.9,10.1,11.2,11,9.9,1990,248,209,"Kitsap off Blakely Rod, Near Blakely Harbor on Bainbridge Island",47.6,-122.4833,
rock,022149_91,ile,-0.207106195,26.67477286,0.203,26.47177286,0.371502804,16-Nov-91,1991,8.9,10.1,11.2,11,9.9,1990,248,209,"Kitsap off Blakely Rod, Near Blakely Harbor on Bainbridge Island",47.6,-122.4833,
rock,022149_91,nle,-0.516929204,11.8619292,-2.3156,14.1775292,6.892697658,16-Nov-91,1991,8.9,10.1,11.2,11,9.9,1990,248,209,"Kitsap off Blakely Rod, Near Blakely Harbor on Bainbridge Island",47.6,-122.4833,
rock,022149_91,thr,0.019115044,-14.70211504,-3.1486,-11.55351504,0.461662214,16-Nov-91,1991,8.9,10.1,11.2,11,9.9,1990,248,209,"Kitsap off Blakely Rod, Near Blakely Harbor on Bainbridge Island",47.6,-122.4833,
rock,022149_91,asp,-0.310486726,20.36582006,-2.5448,22.91062006,1.771098623,16-Nov-91,1991,8.9,10.1,11.2,11,9.9,1990,248,209,"Kitsap off Blakely Rod, Near Blakely Harbor on Bainbridge Island",47.6,-122.4833,
rock,022149_91,ser,-0.796035398,16.66670206,-3.2912,19.95790206,1.698393457,16-Nov-91,1991,8.9,10.1,11.2,11,9.9,1990,248,209,"Kitsap off Blakely Rod, Near Blakely Harbor on Bainbridge Island",47.6,-122.4833,
rock,022149_91,glu,-0.594876106,26.23554277,-0.7584,26.99394277,0.244361072,16-Nov-91,1991,8.9,10.1,11.2,11,9.9,1990,248,209,"Kitsap off Blakely Rod, Near Blakely Harbor on Bainbridge Island",47.6,-122.4833,
rock,022149_91,phe,-0.61680531,6.68380531,-0.6582,7.34200531,0.512368032,16-Nov-91,1991,8.9,10.1,11.2,11,9.9,1990,248,209,"Kitsap off Blakely Rod, Near Blakely Harbor on Bainbridge Island",47.6,-122.4833,
rock,046719_59,ala,-0.720995575,28.33466224,-0.9488,29.28346224,0.37251085,18-Dec-59,1959,7.8,8.3,9.7,10.4,8.1,1950,330,270,Kitsap Port Orchard,47.5463,-122.6472,
rock,046719_59,val,-0.538685841,26.63335251,-0.6288,27.26215251,0.556553981,18-Dec-59,1959,7.8,8.3,9.7,10.4,8.1,1950,330,270,Kitsap Port Orchard,47.5463,-122.6472,
rock,046719_59,leu,-0.119429204,25.48109587,-1.1564,26.63749587,0.377677552,18-Dec-59,1959,7.8,8.3,9.7,10.4,8.1,1950,330,270,Kitsap Port Orchard,47.5463,-122.6472,
rock,046719_59,ile,0.284853982,27.63814602,1.1244,26.51374602,0.473893448,18-Dec-59,1959,7.8,8.3,9.7,10.4,8.1,1950,330,270,Kitsap Port Orchard,47.5463,-122.6472,
rock,046719_59,nle,-0.161876712,13.26587671,-1.32925,14.59512671,0.216395471,18-Dec-59,1959,7.8,8.3,9.7,10.4,8.1,1950,330,270,Kitsap Port Orchard,47.5463,-122.6472,
rock,046719_59,pro,-0.221933628,29.48526696,2.5044,26.98086696,1.87264234,18-Dec-59,1959,7.8,8.3,9.7,10.4,8.1,1950,330,270,Kitsap Port Orchard,47.5463,-122.6472,
rock,046719_59,thr,0.238579646,-16.09791298,-2.5902,-13.50771298,0.552747079,18-Dec-59,1959,7.8,8.3,9.7,10.4,8.1,1950,330,270,Kitsap Port Orchard,47.5463,-122.6472,
rock,046719_59,asp,0.781964602,21.95370206,0.132,21.82170206,2.966606535,18-Dec-59,1959,7.8,8.3,9.7,10.4,8.1,1950,330,270,Kitsap Port Orchard,47.5463,-122.6472,
rock,046719_59,ser,-0.24550885,13.73884218,-1.4108,15.14964218,2.211593392,18-Dec-59,1959,7.8,8.3,9.7,10.4,8.1,1950,330,270,Kitsap Port Orchard,47.5463,-122.6472,
rock,046719_59,glu,-0.194575221,27.76457522,0.9056,26.85897522,0.066204229,18-Dec-59,1959,7.8,8.3,9.7,10.4,8.1,1950,330,270,Kitsap Port Orchard,47.5463,-122.6472,
rock,046719_59,phe,-0.067659292,5.301992625,0.6642,4.637792625,0.652199612,18-Dec-59,1959,7.8,8.3,9.7,10.4,8.1,1950,330,270,Kitsap Port Orchard,47.5463,-122.6472,
rock,006092_49,ala,0.163738126,26.65092854,-0.879,27.52992854,0.186655654,25-Nov-49,1949,8.7,9.5,10.5,10.2,8.2,1940,230,191,"Kitsap, Port Madison",47.1413,-122.7658,
rock,006092_49,val,0.018629012,27.38837099,-0.613166667,28.00153766,0.223221863,25-Nov-49,1949,8.7,9.5,10.5,10.2,8.2,1940,230,191,"Kitsap, Port Madison",47.1413,-122.7658,
rock,006092_49,leu,0.715288889,23.56304444,-1.01425,24.57729444,0.152683769,25-Nov-49,1949,8.7,9.5,10.5,10.2,8.2,1940,230,191,"Kitsap, Port Madison",47.1413,-122.7658,
rock,006092_49,ile,-11.69955327,36.37188661,5.234666667,31.13721994,0.512849231,25-Nov-49,1949,8.7,9.5,10.5,10.2,8.2,1940,230,191,"Kitsap, Port Madison",47.1413,-122.7658,
rock,006092_49,nle,NA,NA,-2.004,NA,2.17735719,25-Nov-49,1949,8.7,9.5,10.5,10.2,8.2,1940,230,191,"Kitsap, Port Madison",47.1413,-122.7658,
rock,006092_49,ser,0.707325843,21.35200749,-11.00625,32.35825749,0.385157544,25-Nov-49,1949,8.7,9.5,10.5,10.2,8.2,1940,230,191,"Kitsap, Port Madison",47.1413,-122.7658,
rock,006092_49,glu,0.151044929,26.2862884,0.721666667,25.56462174,0.184000906,25-Nov-49,1949,8.7,9.5,10.5,10.2,8.2,1940,230,191,"Kitsap, Port Madison",47.1413,-122.7658,
rock,006092_49,phe,0.175835687,6.471497647,0.402833333,6.068664313,1.211038535,25-Nov-49,1949,8.7,9.5,10.5,10.2,8.2,1940,230,191,"Kitsap, Port Madison",47.1413,-122.7658,
rock,005878_50,ala,-0.881150685,25.72981735,-0.972,26.70181735,0.02702468,4-Feb-50,1950,5.8,6.2,7.8,8.7,6.1,1950,185,146,"Kitsap; 2 miles NW Pt Monroe, Port Madison",47.71981599,-122.4960739,
rock,005878_50,val,-0.460609589,24.79627626,-0.587,25.38327626,0.473069058,4-Feb-50,1950,5.8,6.2,7.8,8.7,6.1,1950,185,146,"Kitsap; 2 miles NW Pt Monroe, Port Madison",47.71981599,-122.4960739,
rock,005878_50,leu,-1.890609589,24.74727626,-1.22075,25.96802626,0.245622339,4-Feb-50,1950,5.8,6.2,7.8,8.7,6.1,1950,185,146,"Kitsap; 2 miles NW Pt Monroe, Port Madison",47.71981599,-122.4960739,
rock,005878_50,ile,-0.597315789,26.00598246,1.018666667,24.98731579,0.254047896,4-Feb-50,1950,5.8,6.2,7.8,8.7,6.1,1950,185,146,"Kitsap; 2 miles NW Pt Monroe, Port Madison",47.71981599,-122.4960739,
rock,005878_50,nle,0.016828767,16.66650457,-1.4025,18.06900457,0.978765719,4-Feb-50,1950,5.8,6.2,7.8,8.7,6.1,1950,185,146,"Kitsap; 2 miles NW Pt Monroe, Port Madison",47.71981599,-122.4960739,
rock,005878_50,pro,-1.301780822,28.18544749,-7.017,35.20244749,0.608029879,4-Feb-50,1950,5.8,6.2,7.8,8.7,6.1,1950,185,146,"Kitsap; 2 miles NW Pt Monroe, Port Madison",47.71981599,-122.4960739,
rock,005878_50,thr,-0.831821918,-13.14951142,-2.86375,-10.28576142,0.381518457,4-Feb-50,1950,5.8,6.2,7.8,8.7,6.1,1950,185,146,"Kitsap; 2 miles NW Pt Monroe, Port Madison",47.71981599,-122.4960739,
rock,005878_50,asp,-0.115486301,20.45415297,0.52375,19.93040297,2.70953803,4-Feb-50,1950,5.8,6.2,7.8,8.7,6.1,1950,185,146,"Kitsap; 2 miles NW Pt Monroe, Port Madison",47.71981599,-122.4960739,
rock,005878_50,ser,-1.384143836,17.07314384,-1.227,18.30014384,2.322258384,4-Feb-50,1950,5.8,6.2,7.8,8.7,6.1,1950,185,146,"Kitsap; 2 miles NW Pt Monroe, Port Madison",47.71981599,-122.4960739,
rock,005878_50,glu,-0.578678082,26.57534475,1.01175,25.56359475,0.161270993,4-Feb-50,1950,5.8,6.2,7.8,8.7,6.1,1950,185,146,"Kitsap; 2 miles NW Pt Monroe, Port Madison",47.71981599,-122.4960739,
rock,005878_50,phe,-0.199184932,5.800851598,0.7705,5.030351598,1.009666447,4-Feb-50,1950,5.8,6.2,7.8,8.7,6.1,1950,185,146,"Kitsap; 2 miles NW Pt Monroe, Port Madison",47.71981599,-122.4960739,
rock,005819_49,ala,0.061401797,24.6925982,-0.879,25.5715982,0.144665131,20-Jul-49,1949,10.3,10.1,9.4,8.3,10.8,1940,211,179,Pierce Nisqually Beach,47.1413,-122.7658,
rock,005819_49,val,0.006985879,27.57368079,-0.613166667,28.18684745,0.311667023,20-Jul-49,1949,10.3,10.1,9.4,8.3,10.8,1940,211,179,Pierce Nisqually Beach,47.1413,-122.7658,
rock,005819_49,glu,0.056641849,25.88035815,0.721666667,25.15869148,0.277135346,20-Jul-49,1949,10.3,10.1,9.4,8.3,10.8,1940,211,179,Pierce Nisqually Beach,47.1413,-122.7658,
rock,005819_49,phe,0.065938383,7.738728284,0.402833333,7.335894951,0.739961035,20-Jul-49,1949,10.3,10.1,9.4,8.3,10.8,1940,211,179,Pierce Nisqually Beach,47.1413,-122.7658,
rock,001339_28130,ala,-0.067539823,26.09620649,-0.4588,26.55500649,0.176003788,"June 24, 1928 (new card says 1930)",1928,10.2,9.7,8.6,7.8,9.8,1920,,,San Juan Friday Harbor,48.54748,-122.9941,
rock,001339_28130,val,0.011867257,24.49746608,-0.1918,24.68926608,0.949069193,"June 24, 1928 (new card says 1930)",1928,10.2,9.7,8.6,7.8,9.8,1920,,,San Juan Friday Harbor,48.54748,-122.9941,
rock,001339_28130,ile,-0.024238938,23.43457227,1.0028,22.43177227,0.043775945,"June 24, 1928 (new card says 1930)",1928,10.2,9.7,8.6,7.8,9.8,1920,,,San Juan Friday Harbor,48.54748,-122.9941,
rock,001339_28130,nle,-0.428548673,11.49954867,-1.6064,13.10594867,3.276594726,"June 24, 1928 (new card says 1930)",1928,10.2,9.7,8.6,7.8,9.8,1920,,,San Juan Friday Harbor,48.54748,-122.9941,
rock,001339_28130,pro,0.760619469,26.62771386,3.2712,23.35651386,1.228983862,"June 24, 1928 (new card says 1930)",1928,10.2,9.7,8.6,7.8,9.8,1920,,,San Juan Friday Harbor,48.54748,-122.9941,
rock,001339_28130,thr,0.321318584,-10.69231858,-1.5674,-9.124918584,0.478852796,"June 24, 1928 (new card says 1930)",1928,10.2,9.7,8.6,7.8,9.8,1920,,,San Juan Friday Harbor,48.54748,-122.9941,
rock,001339_28130,asp,0.778061947,18.81993805,-0.3166,19.13653805,0.852509237,"June 24, 1928 (new card says 1930)",1928,10.2,9.7,8.6,7.8,9.8,1920,,,San Juan Friday Harbor,48.54748,-122.9941,
rock,001339_28130,ser,0.106725664,9.977274336,-1.2016,11.17887434,0.914198556,"June 24, 1928 (new card says 1930)",1928,10.2,9.7,8.6,7.8,9.8,1920,,,San Juan Friday Harbor,48.54748,-122.9941,
rock,001339_28130,glu,0.051637168,24.18869617,0.8914,23.29729617,0.122871206,"June 24, 1928 (new card says 1930)",1928,10.2,9.7,8.6,7.8,9.8,1920,,,San Juan Friday Harbor,48.54748,-122.9941,
rock,001339_28130,phe,-0.001911504,5.428244838,0.9116,4.516644838,0.642434692,"June 24, 1928 (new card says 1930)",1928,10.2,9.7,8.6,7.8,9.8,1920,,,San Juan Friday Harbor,48.54748,-122.9941,
rock,155023_12,ala,0.215123894,25.26287611,-0.3674,25.63027611,0.306004902,19-Sep-12,2012,11.7792,12.8778,11.9,10.9182,12.284,2010,220,200,San Juan Friday Harbor,48.54748,-122.9941,
rock,155023_12,val,-1.157654867,25.21232153,-1.7566,26.96892153,2.355023638,19-Sep-12,2012,11.7792,12.8778,11.9,10.9182,12.284,2010,220,200,San Juan Friday Harbor,48.54748,-122.9941,
rock,155023_12,leu,-1.495911504,23.8089115,-2.8912,26.7001115,0.483910116,19-Sep-12,2012,11.7792,12.8778,11.9,10.9182,12.284,2010,220,200,San Juan Friday Harbor,48.54748,-122.9941,
rock,155023_12,ile,-0.310659292,26.21399263,0.203,26.01099263,0.264955342,19-Sep-12,2012,11.7792,12.8778,11.9,10.9182,12.284,2010,220,200,San Juan Friday Harbor,48.54748,-122.9941,
rock,155023_12,nle,-0.775393805,16.14372714,-2.3156,18.45932714,0.484105705,19-Sep-12,2012,11.7792,12.8778,11.9,10.9182,12.284,2010,220,200,San Juan Friday Harbor,48.54748,-122.9941,
rock,155023_12,thr,0.028672566,-14.2490059,-3.1486,-11.1004059,0.564891435,19-Sep-12,2012,11.7792,12.8778,11.9,10.9182,12.284,2010,220,200,San Juan Friday Harbor,48.54748,-122.9941,
rock,155023_12,asp,-0.465730088,17.54939676,-2.5448,20.09419676,0.579520779,19-Sep-12,2012,11.7792,12.8778,11.9,10.9182,12.284,2010,220,200,San Juan Friday Harbor,48.54748,-122.9941,
rock,155023_12,ser,-1.194053097,15.33838643,-3.2912,18.62958643,1.085445684,19-Sep-12,2012,11.7792,12.8778,11.9,10.9182,12.284,2010,220,200,San Juan Friday Harbor,48.54748,-122.9941,
rock,155023_12,glu,-0.892314159,26.10131416,-0.7584,26.85971416,0.194517351,19-Sep-12,2012,11.7792,12.8778,11.9,10.9182,12.284,2010,220,200,San Juan Friday Harbor,48.54748,-122.9941,
rock,155023_12,phe,-0.925207965,4.608207965,-0.6582,5.266407965,0.708923127,19-Sep-12,2012,11.7792,12.8778,11.9,10.9182,12.284,2010,220,200,San Juan Friday Harbor,48.54748,-122.9941,
rock,021293-1_88_notusing,ala,-2.442002567,27.86466923,-1.307,29.17166923,0.33250614,30-May-88,1988,9.6,8.6,7.5,7.5,9.8,1980,210,170,San Juan Reid Rock in the San Juan channel 60ft,48.55006685,-122.9924021,
rock,021293-1_88_notusing,val,-2.513478819,24.92647882,-0.979666667,25.90614549,0.472352623,30-May-88,1988,9.6,8.6,7.5,7.5,9.8,1980,210,170,San Juan Reid Rock in the San Juan channel 60ft,48.55006685,-122.9924021,
rock,021293-1_88_notusing,leu,-3.416200257,26.28686692,-1.744833333,28.03170026,0.131355751,30-May-88,1988,9.6,8.6,7.5,7.5,9.8,1980,210,170,San Juan Reid Rock in the San Juan channel 60ft,48.55006685,-122.9924021,
rock,021293-1_88_notusing,ile,-1.345827985,28.31282798,0.753333333,27.55949465,0.202967978,30-May-88,1988,9.6,8.6,7.5,7.5,9.8,1980,210,170,San Juan Reid Rock in the San Juan channel 60ft,48.55006685,-122.9924021,
rock,021293-1_88_notusing,nle,-1.551450578,16.07445058,-2.088166667,18.16261724,0.387410635,30-May-88,1988,9.6,8.6,7.5,7.5,9.8,1980,210,170,San Juan Reid Rock in the San Juan channel 60ft,48.55006685,-122.9924021,
rock,021293-1_88_notusing,thr,-2.047599487,-15.69073385,-2.760333333,-12.93040051,0.072803388,30-May-88,1988,9.6,8.6,7.5,7.5,9.8,1980,210,170,San Juan Reid Rock in the San Juan channel 60ft,48.55006685,-122.9924021,
rock,021293-1_88_notusing,glu_notusing,-1.705006418,28.09100642,0.138,27.95300642,0.064969223,30-May-88,1988,9.6,8.6,7.5,7.5,9.8,1980,210,170,San Juan Reid Rock in the San Juan channel 60ft,48.55006685,-122.9924021,
rock,021293-1_88_notusing,phe_notusing,-1.773838254,3.882338254,0.467833333,3.414504921,0.699328607,30-May-88,1988,9.6,8.6,7.5,7.5,9.8,1980,210,170,San Juan Reid Rock in the San Juan channel 60ft,48.55006685,-122.9924021,
rock,notusing_021293-2_88,ala,0.382442478,22.54589086,-0.3674,22.91329086,0.220127993,30-May-88,1988,9.6,8.6,7.5,7.5,9.8,1980,234,187,San Juan Reid Rock in the San Juan channel 60ft,48.5500668,-122.9924,
rock,notusing_021293-2_88,val,-2.058053097,26.13438643,-1.7566,27.89098643,1.705061387,30-May-88,1988,9.6,8.6,7.5,7.5,9.8,1980,234,187,San Juan Reid Rock in the San Juan channel 60ft,48.5500668,-122.9924,
rock,notusing_021293-2_88,leu,-2.65939823,24.35039823,-2.8912,27.24159823,2.384376019,30-May-88,1988,9.6,8.6,7.5,7.5,9.8,1980,234,187,San Juan Reid Rock in the San Juan channel 60ft,48.5500668,-122.9924,
rock,notusing_021293-2_88,ile,-0.552283186,26.54894985,0.203,26.34594985,2.654718315,30-May-88,1988,9.6,8.6,7.5,7.5,9.8,1980,234,187,San Juan Reid Rock in the San Juan channel 60ft,48.5500668,-122.9924,
rock,notusing_021293-2_88,nle,-1.335400442,15.46790044,-2.3156,17.78350044,0.581948881,30-May-88,1988,9.6,8.6,7.5,7.5,9.8,1980,234,187,San Juan Reid Rock in the San Juan channel 60ft,48.5500668,-122.9924,
rock,notusing_021293-2_88,thr,0.049380531,-15.43888053,-3.1486,-12.29028053,0.987828173,30-May-88,1988,9.6,8.6,7.5,7.5,9.8,1980,234,187,San Juan Reid Rock in the San Juan channel 60ft,48.5500668,-122.9924,
rock,notusing_021293-2_88,asp,-0.827964602,15.03929794,-2.5448,17.58409794,0.605079609,30-May-88,1988,9.6,8.6,7.5,7.5,9.8,1980,234,187,San Juan Reid Rock in the San Juan channel 60ft,48.5500668,-122.9924,
rock,notusing_021293-2_88,ser,-2.122761062,15.6270944,-3.2912,18.9182944,1.327843866,30-May-88,1988,9.6,8.6,7.5,7.5,9.8,1980,234,187,San Juan Reid Rock in the San Juan channel 60ft,48.5500668,-122.9924,
rock,notusing_021293-2_88,glu_notusing,-1.586336283,25.50966962,-0.7584,26.26806962,0.107714128,30-May-88,1988,9.6,8.6,7.5,7.5,9.8,1980,234,187,San Juan Reid Rock in the San Juan channel 60ft,48.5500668,-122.9924,
rock,001054_30128,ala,-0.101309735,25.39464307,-0.4588,25.85344307,0.361620427,"June 24, 1928 (1/3 cards say 1930)",1928,10.2,9.7,8.6,7.8,9.8,1920,235,200,"San Juan, Friday Harbor",48.54748,-122.9941,
rock,001054_30128,val,0.017800885,23.83386578,-0.1918,24.02566578,1.489551722,"June 24, 1928 (1/3 cards say 1930)",1928,10.2,9.7,8.6,7.8,9.8,1920,235,200,"San Juan, Friday Harbor",48.54748,-122.9941,
rock,001054_30128,leu,-0.090199115,22.10919912,-0.1874,22.29659912,0.350169959,"June 24, 1928 (1/3 cards say 1930)",1928,10.2,9.7,8.6,7.8,9.8,1920,235,200,"San Juan, Friday Harbor",48.54748,-122.9941,
rock,001054_30128,ile,-0.036358407,21.81569174,1.0028,20.81289174,0.196189534,"June 24, 1928 (1/3 cards say 1930)",1928,10.2,9.7,8.6,7.8,9.8,1920,235,200,"San Juan, Friday Harbor",48.54748,-122.9941,
rock,001054_30128,asp,1.16709292,18.98090708,-0.3166,19.29750708,0.808214699,"June 24, 1928 (1/3 cards say 1930)",1928,10.2,9.7,8.6,7.8,9.8,1920,235,200,"San Juan, Friday Harbor",48.54748,-122.9941,
rock,001054_30128,glu,0.077455752,24.14254425,0.8914,23.25114425,0.867702714,"June 24, 1928 (1/3 cards say 1930)",1928,10.2,9.7,8.6,7.8,9.8,1920,235,200,"San Juan, Friday Harbor",48.54748,-122.9941,
rock,005476_47,ala,-1.281769912,26.34443658,-0.9488,27.29323658,0.032470499,3-Feb-47,1947,7,7.1,7.7,8.1,7.7,1940,307,255,Snohomish Edmonds Beach,47.79898,-122.436,
rock,005476_47,val,-0.957663717,26.01033038,-0.6288,26.63913038,0.885026742,3-Feb-47,1947,7,7.1,7.7,8.1,7.7,1940,307,255,Snohomish Edmonds Beach,47.79898,-122.436,
rock,005476_47,leu,-0.212318584,24.75098525,-1.1564,25.90738525,0.052204725,3-Feb-47,1947,7,7.1,7.7,8.1,7.7,1940,307,255,Snohomish Edmonds Beach,47.79898,-122.436,
rock,005476_47,ile,0.50640708,26.20659292,1.1244,25.08219292,0.144595989,3-Feb-47,1947,7,7.1,7.7,8.1,7.7,1940,307,255,Snohomish Edmonds Beach,47.79898,-122.436,
rock,005476_47,nle,-0.287780822,13.87011416,-1.32925,15.19936416,0.214854214,3-Feb-47,1947,7,7.1,7.7,8.1,7.7,1940,307,255,Snohomish Edmonds Beach,47.79898,-122.436,
rock,005476_47,pro,-0.394548673,24.22588201,2.5044,21.72148201,0.179984259,3-Feb-47,1947,7,7.1,7.7,8.1,7.7,1940,307,255,Snohomish Edmonds Beach,47.79898,-122.436,
rock,005476_47,thr,0.424141593,-15.39314159,-2.5902,-12.80294159,0.313730776,3-Feb-47,1947,7,7.1,7.7,8.1,7.7,1940,307,255,Snohomish Edmonds Beach,47.79898,-122.436,
rock,005476_47,asp,1.390159292,22.42784071,0.132,22.29584071,0.201516749,3-Feb-47,1947,7,7.1,7.7,8.1,7.7,1940,307,255,Snohomish Edmonds Beach,47.79898,-122.436,
rock,005476_47,ser,-0.436460177,19.16279351,-1.4108,20.57359351,0.168431984,3-Feb-47,1947,7,7.1,7.7,8.1,7.7,1940,307,255,Snohomish Edmonds Beach,47.79898,-122.436,
rock,005476_47,glu,-0.345911504,27.1559115,0.9056,26.2503115,0.015,3-Feb-47,1947,7,7.1,7.7,8.1,7.7,1940,307,255,Snohomish Edmonds Beach,47.79898,-122.436,
rock,005476_47,phe,-0.120283186,4.753949853,0.6642,4.089749853,0.424681449,3-Feb-47,1947,7,7.1,7.7,8.1,7.7,1940,307,255,Snohomish Edmonds Beach,47.79898,-122.436,
rock,004545_35,ala,0.092102696,22.62223064,-0.879,23.50123064,0.468632407,13-Apr-35,1935,7.8,7.5,7.2,7.2,9.2,1930,144,113,Snohomish off Mukilteo,47.94655399,-122.3128478,
rock,004545_35,val,0.010478819,24.39585451,-0.613166667,25.00902118,0.569203244,13-Apr-35,1935,7.8,7.5,7.2,7.2,9.2,1930,144,113,Snohomish off Mukilteo,47.94655399,-122.3128478,
rock,004545_35,leu,0.40235,20.14298333,-1.01425,21.15723333,0.368741554,13-Apr-35,1935,7.8,7.5,7.2,7.2,9.2,1930,144,113,Snohomish off Mukilteo,47.94655399,-122.3128478,
rock,004545_35,ile,-6.580998716,30.33266538,5.234666667,25.09799872,0.324213407,13-Apr-35,1935,7.8,7.5,7.2,7.2,9.2,1930,144,113,Snohomish off Mukilteo,47.94655399,-122.3128478,
rock,004545_35,nle,NA,NA,-2.004,NA,0.308130384,13-Apr-35,1935,7.8,7.5,7.2,7.2,9.2,1930,144,113,Snohomish off Mukilteo,47.94655399,-122.3128478,
rock,004545_35,pro,0.270543004,18.220457,-5.720166667,23.94062366,0.26620293,13-Apr-35,1935,7.8,7.5,7.2,7.2,9.2,1930,144,113,Snohomish off Mukilteo,47.94655399,-122.3128478,
rock,004545_35,thr,0.34435,-10.77368333,-2.25075,-8.522933333,0.678675426,13-Apr-35,1935,7.8,7.5,7.2,7.2,9.2,1930,144,113,Snohomish off Mukilteo,47.94655399,-122.3128478,
rock,004545_35,asp,0.614283333,19.45071667,5.641125,13.80959167,0.017088007,13-Apr-35,1935,7.8,7.5,7.2,7.2,9.2,1930,144,113,Snohomish off Mukilteo,47.94655399,-122.3128478,
rock,004545_35,ser,0.397870787,16.47879588,-11.00625,27.48504588,1.244109454,13-Apr-35,1935,7.8,7.5,7.2,7.2,9.2,1930,144,113,Snohomish off Mukilteo,47.94655399,-122.3128478,
rock,004545_35,glu,0.084962773,23.68437056,0.721666667,22.96270389,0.070237692,13-Apr-35,1935,7.8,7.5,7.2,7.2,9.2,1930,144,113,Snohomish off Mukilteo,47.94655399,-122.3128478,
rock,004545_35,phe,0.098907574,5.905759093,0.402833333,5.50292576,1.048126583,13-Apr-35,1935,7.8,7.5,7.2,7.2,9.2,1930,144,113,Snohomish off Mukilteo,47.94655399,-122.3128478,
rock,005644_46,ala,-1.084493151,26.15515982,-0.972,27.12715982,0.161401157,8-Nov-46,1946,8.1,9.4,10.3,10.8,8.1,1940,216,178,Sonomish Edmonds,47.79898,-122.436,
rock,005644_46,val,-0.56690411,25.29990411,-0.587,25.88690411,0.309404266,8-Nov-46,1946,8.1,9.4,10.3,10.8,8.1,1940,216,178,Sonomish Edmonds,47.79898,-122.436,
rock,005644_46,leu,-2.32690411,25.31790411,-1.22075,26.53865411,0.129849913,8-Nov-46,1946,8.1,9.4,10.3,10.8,8.1,1940,216,178,Sonomish Edmonds,47.79898,-122.436,
rock,005644_46,ile,-0.735157895,26.89449123,1.018666667,25.87582456,0.495263903,8-Nov-46,1946,8.1,9.4,10.3,10.8,8.1,1940,216,178,Sonomish Edmonds,47.79898,-122.436,
rock,005644_46,nle,0.020712329,15.57928767,-1.4025,16.98178767,0.60177072,8-Nov-46,1946,8.1,9.4,10.3,10.8,8.1,1940,216,178,Sonomish Edmonds,47.79898,-122.436,
rock,005644_46,pro,-1.602191781,26.46919178,-7.017,33.48619178,0.423862006,8-Nov-46,1946,8.1,9.4,10.3,10.8,8.1,1940,216,178,Sonomish Edmonds,47.79898,-122.436,
rock,005644_46,thr,-1.023780822,-9.367219178,-2.86375,-6.503469178,0.722813254,8-Nov-46,1946,8.1,9.4,10.3,10.8,8.1,1940,216,178,Sonomish Edmonds,47.79898,-122.436,
rock,005644_46,asp,-0.142136986,17.53713699,0.52375,17.01338699,1.924028846,8-Nov-46,1946,8.1,9.4,10.3,10.8,8.1,1940,216,178,Sonomish Edmonds,47.79898,-122.436,
rock,005644_46,ser,-1.703561644,21.77289498,-1.227,22.99989498,2.242595223,8-Nov-46,1946,8.1,9.4,10.3,10.8,8.1,1940,216,178,Sonomish Edmonds,47.79898,-122.436,
rock,005644_46,glu,-0.712219178,26.40855251,1.01175,25.39680251,0.333714449,8-Nov-46,1946,8.1,9.4,10.3,10.8,8.1,1940,216,178,Sonomish Edmonds,47.79898,-122.436,
rock,005644_46,phe,-0.245150685,4.916817352,0.7705,4.146317352,0.712400402,8-Nov-46,1946,8.1,9.4,10.3,10.8,8.1,1940,216,178,Sonomish Edmonds,47.79898,-122.436,
rock,025983_79,ala,-1.098901155,27.46990116,-1.307,28.77690116,0.304235106,29-Mar-79,1979,7.5,6.9,6.5,7.3,8.3,1970,219,180,Washington E. N. Pacific Puget Sound West Point,48.04189,-122.5249,
rock,025983_79,val,-1.131065469,26.67806547,-0.979666667,27.65773214,0.48478552,29-Mar-79,1979,7.5,6.9,6.5,7.3,8.3,1970,219,180,Washington E. N. Pacific Puget Sound West Point,48.04189,-122.5249,
rock,025983_79,leu,-1.537290116,26.37829012,-1.744833333,28.12312345,0.202970441,29-Mar-79,1979,7.5,6.9,6.5,7.3,8.3,1970,219,180,Washington E. N. Pacific Puget Sound West Point,48.04189,-122.5249,
rock,025983_79,ile,-0.605622593,27.99362259,0.753333333,27.24028926,0.108263567,29-Mar-79,1979,7.5,6.9,6.5,7.3,8.3,1970,219,180,Washington E. N. Pacific Puget Sound West Point,48.04189,-122.5249,
rock,025983_79,nle,-0.69815276,14.34815276,-2.088166667,16.43631943,0.38555285,29-Mar-79,1979,7.5,6.9,6.5,7.3,8.3,1970,219,180,Washington E. N. Pacific Puget Sound West Point,48.04189,-122.5249,
rock,025983_79,thr,-0.921419769,-13.7232469,-2.760333333,-10.96291356,0.28377867,29-Mar-79,1979,7.5,6.9,6.5,7.3,8.3,1970,219,180,Washington E. N. Pacific Puget Sound West Point,48.04189,-122.5249,
rock,025983_79,asp,-0.123781772,18.55778177,-0.645,19.20278177,0.158218204,29-Mar-79,1979,7.5,6.9,6.5,7.3,8.3,1970,219,180,Washington E. N. Pacific Puget Sound West Point,48.04189,-122.5249,
rock,025983_79,ser,-1.092639281,13.61797261,-2.296666667,15.91463928,1.497694673,29-Mar-79,1979,7.5,6.9,6.5,7.3,8.3,1970,219,180,Washington E. N. Pacific Puget Sound West Point,48.04189,-122.5249,
rock,025983_79,glu,-0.767252888,27.76391955,0.138,27.62591955,0.145932633,29-Mar-79,1979,7.5,6.9,6.5,7.3,8.3,1970,219,180,Washington E. N. Pacific Puget Sound West Point,48.04189,-122.5249,
rock,025983_79,phe,-0.798227214,6.421227214,0.467833333,5.953393881,0.176442625,29-Mar-79,1979,7.5,6.9,6.5,7.3,8.3,1970,219,180,Washington E. N. Pacific Puget Sound West Point,48.04189,-122.5249,
rock,153558_12,ala,-0.115019255,24.60968592,-0.081333333,24.69101926,0.083500499,2-Sep-12,2012,11.7792,12.8778,11.9,10.9182,12.284,2010,260,214,"Washington Near Friday Harbor Labs, San Juan Island",48.54748,-122.9941,
rock,153558_12,val,-1.897252888,26.78358622,-1.48,28.26358622,3.267442017,2-Sep-12,2012,11.7792,12.8778,11.9,10.9182,12.284,2010,260,214,"Washington Near Friday Harbor Labs, San Juan Island",48.54748,-122.9941,
rock,153558_12,leu,-3.302901155,26.15723449,-2.430666667,28.58790116,1.744591738,2-Sep-12,2012,11.7792,12.8778,11.9,10.9182,12.284,2010,260,214,"Washington Near Friday Harbor Labs, San Juan Island",48.54748,-122.9941,
rock,153558_12,ile,-0.803132221,27.15946555,0.271666667,26.88779889,1.987200124,2-Sep-12,2012,11.7792,12.8778,11.9,10.9182,12.284,2010,260,214,"Washington Near Friday Harbor Labs, San Juan Island",48.54748,-122.9941,
rock,153558_12,nle,-2.827291399,20.38562473,-1.491833333,21.87745807,5.31613152,2-Sep-12,2012,11.7792,12.8778,11.9,10.9182,12.284,2010,260,214,"Washington Near Friday Harbor Labs, San Juan Island",48.54748,-122.9941,
rock,153558_12,thr,-1.112477535,-17.69252246,-2.2635,-15.42902246,1.087922332,2-Sep-12,2012,11.7792,12.8778,11.9,10.9182,12.284,2010,260,214,"Washington Near Friday Harbor Labs, San Juan Island",48.54748,-122.9941,
rock,153558_12,asp,-0.57550706,17.74950706,-0.951666667,18.70117373,3.905782764,2-Sep-12,2012,11.7792,12.8778,11.9,10.9182,12.284,2010,260,214,"Washington Near Friday Harbor Labs, San Juan Island",48.54748,-122.9941,
rock,153558_12,ser,-2.864724005,20.27222401,-2.376833333,22.64905734,6.866713952,2-Sep-12,2012,11.7792,12.8778,11.9,10.9182,12.284,2010,260,214,"Washington Near Friday Harbor Labs, San Juan Island",48.54748,-122.9941,
rock,153558_12,glu,-2.727471117,27.93447112,-0.275833333,28.21030445,0.114751906,2-Sep-12,2012,11.7792,12.8778,11.9,10.9182,12.284,2010,260,214,"Washington Near Friday Harbor Labs, San Juan Island",48.54748,-122.9941,
rock,153558_12,phe,-1.610474968,2.214808301,-0.358666667,2.573474968,0.598719745,2-Sep-12,2012,11.7792,12.8778,11.9,10.9182,12.284,2010,260,214,"Washington Near Friday Harbor Labs, San Juan Island",48.54748,-122.9941,
rock,110103_04,ala,-0.051758665,27.47475866,-0.081333333,27.556092,0.132921029,14-May-04,2004,10.4,9.1,8.3,7.9,9.9,2000,285,240,"Washington Neck Point, San Juan Islands",48.58629059,-123.0157936,
rock,110103_04,val,-0.8537638,26.41109713,-1.48,27.89109713,1.547572723,14-May-04,2004,10.4,9.1,8.3,7.9,9.9,2000,285,240,"Washington Neck Point, San Juan Islands",48.58629059,-123.0157936,
rock,110103_04,leu,-1.48630552,25.92397219,-2.430666667,28.35463885,0.149319568,14-May-04,2004,10.4,9.1,8.3,7.9,9.9,2000,285,240,"Washington Neck Point, San Juan Islands",48.58629059,-123.0157936,
rock,110103_04,ile,-0.361409499,25.26074283,0.271666667,24.98907617,0.030138569,14-May-04,2004,10.4,9.1,8.3,7.9,9.9,2000,285,240,"Washington Neck Point, San Juan Islands",48.58629059,-123.0157936,
rock,110103_04,nle,-1.27228113,15.6199478,-1.491833333,17.11178113,0.341410799,14-May-04,2004,10.4,9.1,8.3,7.9,9.9,2000,285,240,"Washington Neck Point, San Juan Islands",48.58629059,-123.0157936,
rock,110103_04,pro,-1.488385109,28.08871844,-0.325666667,28.41438511,0.77592418,14-May-04,2004,10.4,9.1,8.3,7.9,9.9,2000,285,240,"Washington Neck Point, San Juan Islands",48.58629059,-123.0157936,
rock,110103_04,thr,-0.500614891,-16.06271844,-2.2635,-13.79921844,0.330699763,14-May-04,2004,10.4,9.1,8.3,7.9,9.9,2000,285,240,"Washington Neck Point, San Juan Islands",48.58629059,-123.0157936,
rock,110103_04,asp,-0.258978177,23.25397818,-0.951666667,24.20564484,0.427142833,14-May-04,2004,10.4,9.1,8.3,7.9,9.9,2000,285,240,"Washington Neck Point, San Juan Islands",48.58629059,-123.0157936,
rock,110103_04,ser,-1.289125802,15.46679247,-2.376833333,17.8436258,2.010341845,14-May-04,2004,10.4,9.1,8.3,7.9,9.9,2000,285,240,"Washington Neck Point, San Juan Islands",48.58629059,-123.0157936,
rock,110103_04,glu,-1.227362003,27.98102867,-0.275833333,28.256862,0.073275735,14-May-04,2004,10.4,9.1,8.3,7.9,9.9,2000,285,240,"Washington Neck Point, San Juan Islands",48.58629059,-123.0157936,
rock,110103_04,phe,-0.724713736,5.397047069,-0.358666667,5.755713736,0.022941956,14-May-04,2004,10.4,9.1,8.3,7.9,9.9,2000,285,240,"Washington Neck Point, San Juan Islands",48.58629059,-123.0157936,
rock,151116_08,ala,-0.034505777,26.94017244,-0.081333333,27.02150578,0.26822068,27-May-08,2008,9.36,8.06,7.68,7.33,10,2000,220,200,Washington Puget Sound,47.9084,-122.6146,
rock,151116_08,val,-0.569175866,27.02384253,-1.48,28.50384253,0.222147098,27-May-08,2008,9.36,8.06,7.68,7.33,10,2000,220,200,Washington Puget Sound,47.9084,-122.6146,
rock,151116_08,leu,-0.990870347,24.52020368,-2.430666667,26.95087035,0.132598391,27-May-08,2008,9.36,8.06,7.68,7.33,10,2000,220,200,Washington Puget Sound,47.9084,-122.6146,
rock,151116_08,ile,-0.240939666,24.265273,0.271666667,23.99360633,0.268172208,27-May-08,2008,9.36,8.06,7.68,7.33,10,2000,220,200,Washington Puget Sound,47.9084,-122.6146,
rock,151116_08,nle,-0.84818742,13.81552075,-1.491833333,15.30735409,1.890203781,27-May-08,2008,9.36,8.06,7.68,7.33,10,2000,220,200,Washington Puget Sound,47.9084,-122.6146,
rock,151116_08,pro,-0.992256739,28.77959007,-0.325666667,29.10525674,0.132854557,27-May-08,2008,9.36,8.06,7.68,7.33,10,2000,220,200,Washington Puget Sound,47.9084,-122.6146,
rock,151116_08,thr,-0.333743261,-15.53959007,-2.2635,-13.27609007,0.229456604,27-May-08,2008,9.36,8.06,7.68,7.33,10,2000,220,200,Washington Puget Sound,47.9084,-122.6146,
rock,151116_08,asp,-0.172652118,21.38798545,-0.951666667,22.33965212,0.565395732,27-May-08,2008,9.36,8.06,7.68,7.33,10,2000,220,200,Washington Puget Sound,47.9084,-122.6146,
rock,151116_08,ser,-0.859417202,16.57875053,-2.376833333,18.95558387,0.848530691,27-May-08,2008,9.36,8.06,7.68,7.33,10,2000,220,200,Washington Puget Sound,47.9084,-122.6146,
rock,151116_08,glu,-0.818241335,26.93957467,-0.275833333,27.215408,0.1310814,27-May-08,2008,9.36,8.06,7.68,7.33,10,2000,220,200,Washington Puget Sound,47.9084,-122.6146,
rock,151116_08,phe,-0.48314249,6.585809157,-0.358666667,6.944475824,0.216236753,27-May-08,2008,9.36,8.06,7.68,7.33,10,2000,220,200,Washington Puget Sound,47.9084,-122.6146,
rock,025984_79,ala,-1.587301669,27.911635,-1.307,29.218635,0.037501111,29-Mar-79,1979,7.5,6.9,6.5,7.3,8.3,1970,305,250,Washington Puget Sound Jefferson Head,48.15745897,-122.7308413,
rock,025984_79,val,-1.633761232,25.7974279,-0.979666667,26.77709457,1.194561565,29-Mar-79,1979,7.5,6.9,6.5,7.3,8.3,1970,305,250,Washington Puget Sound Jefferson Head,48.15745897,-122.7308413,
rock,025984_79,leu,-2.220530167,26.7638635,-1.744833333,28.50869683,0.308276391,29-Mar-79,1979,7.5,6.9,6.5,7.3,8.3,1970,305,250,Washington Puget Sound Jefferson Head,48.15745897,-122.7308413,
rock,025984_79,ile,-0.87478819,28.17812152,0.753333333,27.42478819,0.290699731,29-Mar-79,1979,7.5,6.9,6.5,7.3,8.3,1970,305,250,Washington Puget Sound Jefferson Head,48.15745897,-122.7308413,
rock,025984_79,nle,-1.008442875,15.24144288,-2.088166667,17.32960954,0.423419414,29-Mar-79,1979,7.5,6.9,6.5,7.3,8.3,1970,305,250,Washington Puget Sound Jefferson Head,48.15745897,-122.7308413,
rock,025984_79,thr,-1.330939666,-12.12539367,-2.760333333,-9.365060334,0.17917124,29-Mar-79,1979,7.5,6.9,6.5,7.3,8.3,1970,305,250,Washington Puget Sound Jefferson Head,48.15745897,-122.7308413,
rock,025984_79,asp,-0.178795892,23.08346256,-0.645,23.72846256,0.732390834,29-Mar-79,1979,7.5,6.9,6.5,7.3,8.3,1970,305,250,Washington Puget Sound Jefferson Head,48.15745897,-122.7308413,
rock,025984_79,ser,-1.578256739,20.00925674,-2.296666667,22.30592341,1.822985189,29-Mar-79,1979,7.5,6.9,6.5,7.3,8.3,1970,305,250,Washington Puget Sound Jefferson Head,48.15745897,-122.7308413,
rock,025984_79,glu,-1.108254172,27.76525417,0.138,27.62725417,0.159912476,29-Mar-79,1979,7.5,6.9,6.5,7.3,8.3,1970,305,250,Washington Puget Sound Jefferson Head,48.15745897,-122.7308413,
rock,025984_79,phe,-1.152994865,6.890328199,0.467833333,6.422494865,0.702023741,29-Mar-79,1979,7.5,6.9,6.5,7.3,8.3,1970,305,250,Washington Puget Sound Jefferson Head,48.15745897,-122.7308413,
rock,025981_79,ala,-0.73260077,24.48360077,-1.307,25.79060077,0.046032597,"July 2 and 3, 1979",1979,10.8,10,9.5,8.3,10.4,1970,148,123,"Washington Puget Sound, San Juan Island Shady Cove",48.5759421,-123.0375704,
rock,025981_79,val,-0.754043646,25.22804365,-0.979666667,26.20771031,1.349506947,"July 2 and 3, 1979",1979,10.8,10,9.5,8.3,10.4,1970,148,123,"Washington Puget Sound, San Juan Island Shady Cove",48.5759421,-123.0375704,
rock,025981_79,leu,-1.024860077,23.24986008,-1.744833333,24.99469341,0.625140784,"July 2 and 3, 1979",1979,10.8,10,9.5,8.3,10.4,1970,148,123,"Washington Puget Sound, San Juan Island Shady Cove",48.5759421,-123.0375704,
rock,025981_79,ile,-0.403748395,24.5627484,0.753333333,23.80941506,0.402284725,"July 2 and 3, 1979",1979,10.8,10,9.5,8.3,10.4,1970,148,123,"Washington Puget Sound, San Juan Island Shady Cove",48.5759421,-123.0375704,
rock,025981_79,nle,-0.465435173,14.35510184,-2.088166667,16.44326851,0.524748829,"July 2 and 3, 1979",1979,10.8,10,9.5,8.3,10.4,1970,148,123,"Washington Puget Sound, San Juan Island Shady Cove",48.5759421,-123.0375704,
rock,025981_79,thr,-0.614279846,-12.48872015,-2.760333333,-9.728386821,0.334151163,"July 2 and 3, 1979",1979,10.8,10,9.5,8.3,10.4,1970,148,123,"Washington Puget Sound, San Juan Island Shady Cove",48.5759421,-123.0375704,
rock,025981_79,asp,-0.082521181,19.01285451,-0.645,19.65785451,1.584640127,"July 2 and 3, 1979",1979,10.8,10,9.5,8.3,10.4,1970,148,123,"Washington Puget Sound, San Juan Island Shady Cove",48.5759421,-123.0375704,
rock,025981_79,ser,-0.728426187,14.15575952,-2.296666667,16.45242619,1.341004226,"July 2 and 3, 1979",1979,10.8,10,9.5,8.3,10.4,1970,148,123,"Washington Puget Sound, San Juan Island Shady Cove",48.5759421,-123.0375704,
rock,025981_79,glu,-0.511501926,25.17816859,0.138,25.04016859,0.147412121,"July 2 and 3, 1979",1979,10.8,10,9.5,8.3,10.4,1970,148,123,"Washington Puget Sound, San Juan Island Shady Cove",48.5759421,-123.0375704,
rock,025981_79,phe,-0.532151476,5.60548481,0.467833333,5.137651476,0.219217548,"July 2 and 3, 1979",1979,10.8,10,9.5,8.3,10.4,1970,148,123,"Washington Puget Sound, San Juan Island Shady Cove",48.5759421,-123.0375704,
rock,025979_79,ala,-2.063716814,25.40905015,-0.9382,26.34725015,0.218541377,23-Jun-79,1979,10,9.5,8.3,7.5,10.3,1970,197,165,Washington Puget Sound; Alki Beach by IGA Supermarket,47.91081,-122.4045,
rock,025979_79,val,-2.419610619,23.59327729,-0.8716,24.46487729,0.460526148,23-Jun-79,1979,10,9.5,8.3,7.5,10.3,1970,197,165,Washington Puget Sound; Alki Beach by IGA Supermarket,47.91081,-122.4045,
rock,025979_79,leu,-2.85819469,24.17886136,-1.1552,25.33406136,0.326032718,23-Jun-79,1979,10,9.5,8.3,7.5,10.3,1970,197,165,Washington Puget Sound; Alki Beach by IGA Supermarket,47.91081,-122.4045,
rock,025979_79,ile,-0.611610619,25.23127729,0.5992,24.63207729,0.085424431,23-Jun-79,1979,10,9.5,8.3,7.5,10.3,1970,197,165,Washington Puget Sound; Alki Beach by IGA Supermarket,47.91081,-122.4045,
rock,025979_79,nle,-1.432637168,13.6479705,-1.8224,15.4703705,0.453652216,23-Jun-79,1979,10,9.5,8.3,7.5,10.3,1970,197,165,Washington Puget Sound; Alki Beach by IGA Supermarket,47.91081,-122.4045,
rock,025979_79,pro,-2.046891593,31.58439159,3.1086,28.47579159,0.106773124,23-Jun-79,1979,10,9.5,8.3,7.5,10.3,1970,197,165,Washington Puget Sound; Alki Beach by IGA Supermarket,47.91081,-122.4045,
rock,025979_79,thr,-1.822513274,-11.15782006,-2.4998,-8.658020059,0.884645315,23-Jun-79,1979,10,9.5,8.3,7.5,10.3,1970,197,165,Washington Puget Sound; Alki Beach by IGA Supermarket,47.91081,-122.4045,
rock,025979_79,asp,-2.273628319,21.09362832,-0.722,21.81562832,3.019835592,23-Jun-79,1979,10,9.5,8.3,7.5,10.3,1970,197,165,Washington Puget Sound; Alki Beach by IGA Supermarket,47.91081,-122.4045,
rock,025979_79,ser,-3.456920354,16.85458702,-1.969,18.82358702,1.187468456,23-Jun-79,1979,10,9.5,8.3,7.5,10.3,1970,197,165,Washington Puget Sound; Alki Beach by IGA Supermarket,47.91081,-122.4045,
rock,025979_79,glu,-1.363115044,25.90578171,0.5944,25.31138171,0.065271229,23-Jun-79,1979,10,9.5,8.3,7.5,10.3,1970,197,165,Washington Puget Sound; Alki Beach by IGA Supermarket,47.91081,-122.4045,
rock,025979_79,phe,-0.449345133,5.153345133,0.6798,4.473545133,0.159896842,23-Jun-79,1979,10,9.5,8.3,7.5,10.3,1970,197,165,Washington Puget Sound; Alki Beach by IGA Supermarket,47.91081,-122.4045,
rock,025985_83,ala,-1.953602054,27.59960205,-1.307,28.90660205,0.20136534,18-Feb-83,1983,8.6,8.6,8.3,8.8,7.5,1980,282,230,Washington Puget Sound; off Seahurst; North of Des Moines,47.46898325,-122.3756079,
rock,025985_83,val,-2.010783055,26.95411639,-0.979666667,27.93378306,2.758783125,18-Feb-83,1983,8.6,8.6,8.3,8.8,7.5,1980,282,230,Washington Puget Sound; off Seahurst; North of Des Moines,47.46898325,-122.3756079,
rock,025985_83,leu,-2.732960205,26.62862687,-1.744833333,28.37346021,0.555256998,18-Feb-83,1983,8.6,8.6,8.3,8.8,7.5,1980,282,230,Washington Puget Sound; off Seahurst; North of Des Moines,47.46898325,-122.3756079,
rock,025985_83,ile,-1.076662388,28.72066239,0.753333333,27.96732905,0.318199623,18-Feb-83,1983,8.6,8.6,8.3,8.8,7.5,1980,282,230,Washington Puget Sound; off Seahurst; North of Des Moines,47.46898325,-122.3756079,
rock,025985_83,nle,-1.241160462,16.9074938,-2.088166667,18.99566046,0.285647218,18-Feb-83,1983,8.6,8.6,8.3,8.8,7.5,1980,282,230,Washington Puget Sound; off Seahurst; North of Des Moines,47.46898325,-122.3756079,
rock,025985_83,thr,-1.638079589,-13.26458708,-2.760333333,-10.50425374,0.613526147,18-Feb-83,1983,8.6,8.6,8.3,8.8,7.5,1980,282,230,Washington Puget Sound; off Seahurst; North of Des Moines,47.46898325,-122.3756079,
rock,025985_83,asp,-0.220056483,20.89838982,-0.645,21.54338982,3.250658446,18-Feb-83,1983,8.6,8.6,8.3,8.8,7.5,1980,282,230,Washington Puget Sound; off Seahurst; North of Des Moines,47.46898325,-122.3756079,
rock,025985_83,ser,-1.942469833,20.45146983,-2.296666667,22.7481365,3.331827877,18-Feb-83,1983,8.6,8.6,8.3,8.8,7.5,1980,282,230,Washington Puget Sound; off Seahurst; North of Des Moines,47.46898325,-122.3756079,
rock,025985_83,glu,-1.364005135,27.9786718,0.138,27.8406718,0.142566943,18-Feb-83,1983,8.6,8.6,8.3,8.8,7.5,1980,282,230,Washington Puget Sound; off Seahurst; North of Des Moines,47.46898325,-122.3756079,
rock,025985_83,phe,-1.419070603,5.45073727,0.467833333,4.982903937,0.936173239,18-Feb-83,1983,8.6,8.6,8.3,8.8,7.5,1980,282,230,Washington Puget Sound; off Seahurst; North of Des Moines,47.46898325,-122.3756079,
rock,NA,gly,NA,NA,NA,NA,NA,,,,,,,,,,,,,,
rock,NA,tyr,NA,NA,NA,NA,NA,,,,,,,,,,,,,,
rock,NA,gly,NA,NA,NA,NA,NA,,,,,,,,,,,,,,
rock,NA,tyr,NA,NA,NA,NA,NA,,,,,,,,,,,,,,
rock,NA,gly,NA,NA,NA,NA,NA,,,,,,,,,,,,,,
rock,NA,tyr,NA,NA,NA,NA,NA,,,,,,,,,,,,,,
rock,NA,gly,NA,NA,NA,NA,NA,,,,,,,,,,,,,,
rock,NA,tyr,NA,NA,NA,NA,NA,,,,,,,,,,,,,,
rock,NA,gly,NA,NA,NA,NA,NA,,,,,,,,,,,,,,
rock,NA,tyr,NA,NA,NA,NA,NA,,,,,,,,,,,,,,
rock,NA,pro,NA,NA,NA,NA,NA,,,,,,,,,,,,,,
rock,NA,gly,NA,NA,NA,NA,NA,,,,,,,,,,,,,,
rock,NA,tyr,NA,NA,NA,NA,NA,,,,,,,,,,,,,,
rock,NA,gly,NA,NA,NA,NA,NA,,,,,,,,,,,,,,
rock,NA,tyr,NA,NA,NA,NA,NA,,,,,,,,,,,,,,
rock,NA,pro,NA,NA,NA,NA,NA,,,,,,,,,,,,,,
rock,NA,gly,NA,NA,NA,NA,NA,,,,,,,,,,,,,,
rock,NA,tyr,NA,NA,NA,NA,NA,,,,,,,,,,,,,,