hostsp,hostid,tl,sl,long,lat,Misc,Collector,date_collected,year,decade,lag0_temp,lag1_temp,lag2_temp,lag3_temp,lag12_temp,AA,drift,driftadj,diff,finalvalue,samplestd
sole,"152939, 2012-2013",122,118,-122.9941,48.54748,Trawl 3,UW/ Marine Bio 250,23 Oct. 2013,2013,2010,9.516666667,12.10833333,12.46666667,12.65,9.6875,glu,-1.071578947,23.60457895,0.304,23.30057895,0.145986301
sole,"152939, 2012-2013",122,118,-122.9941,48.54748,Trawl 3,UW/ Marine Bio 250,23 Oct. 2013,2013,2010,9.516666667,12.10833333,12.46666667,12.65,9.6875,phe,-1.197473684,7.107807018,0.484333333,6.623473684,0.34000049
sole,"155836, 2015",129,110,-122.22769,47.9877331,,K.R. Moyer,2-Sep-15,2015,2010,12.59,13.8142857,13.9709677,12.6928571,13.31428571,ala,-0.721894737,23.45889474,0.142333333,23.3165614,0.244071711
sole,"155836, 2015",129,110,-122.22769,47.9877331,,K.R. Moyer,2-Sep-15,2015,2010,12.59,13.8142857,13.9709677,12.6928571,13.31428571,val,-1.109842105,21.38617544,-0.229,21.61517544,0.5260621
sole,"155836, 2015",129,110,-122.22769,47.9877331,,K.R. Moyer,2-Sep-15,2015,2010,12.59,13.8142857,13.9709677,12.6928571,13.31428571,leu,-2.068342105,21.56467544,0.356333333,21.20834211,0.380233262
sole,"155836, 2015",129,110,-122.22769,47.9877331,,K.R. Moyer,2-Sep-15,2015,2010,12.59,13.8142857,13.9709677,12.6928571,13.31428571,ile,1.377,19.80766667,-0.7785,20.58616667,0.132937329
sole,"155836, 2015",129,110,-122.22769,47.9877331,,K.R. Moyer,2-Sep-15,2015,2010,12.59,13.8142857,13.9709677,12.6928571,13.31428571,nle,-3.1545,16.8685,-2.603666667,19.47216667,0.557001795
sole,"155836, 2015",129,110,-122.22769,47.9877331,,K.R. Moyer,2-Sep-15,2015,2010,12.59,13.8142857,13.9709677,12.6928571,13.31428571,pro,-1.882184211,21.86285088,6.101,15.76185088,0.219659585
sole,"155836, 2015",129,110,-122.22769,47.9877331,,K.R. Moyer,2-Sep-15,2015,2010,12.59,13.8142857,13.9709677,12.6928571,13.31428571,thr,-5.624052632,1.914052632,-3.015666667,4.929719298,0.455223022
sole,"155836, 2015",129,110,-122.22769,47.9877331,,K.R. Moyer,2-Sep-15,2015,2010,12.59,13.8142857,13.9709677,12.6928571,13.31428571,asp,-1.224947368,20.66661404,-0.31,20.97661404,0.592616515
sole,"155836, 2015",129,110,-122.22769,47.9877331,,K.R. Moyer,2-Sep-15,2015,2010,12.59,13.8142857,13.9709677,12.6928571,13.31428571,ser,-1.735342105,9.497675439,-2.062333333,11.56000877,0.671405491
sole,"155836, 2015",129,110,-122.22769,47.9877331,,K.R. Moyer,2-Sep-15,2015,2010,12.59,13.8142857,13.9709677,12.6928571,13.31428571,glu,-0.602763158,23.22076316,0.304,22.91676316,0.0818352
sole,"155836, 2015",129,110,-122.22769,47.9877331,,K.R. Moyer,2-Sep-15,2015,2010,12.59,13.8142857,13.9709677,12.6928571,13.31428571,phe,-0.673578947,9.596578947,0.484333333,9.112245614,0.237905443
sole,"158625_01,2018",173,147,-122.9941,48.54748,TRAWL 2,UW/ Marine Bio 250,27-Oct-18,2018,2010,10.5097,12.53,13.2323,13.0806,10.3226,ala,-0.481263158,23.59959649,0.142333333,23.45726316,0.191526325
sole,"158625_01,2018",173,147,-122.9941,48.54748,TRAWL 2,UW/ Marine Bio 250,27-Oct-18,2018,2010,10.5097,12.53,13.2323,13.0806,10.3226,val,-0.739894737,21.36389474,-0.229,21.59289474,0.504173581
sole,"158625_01,2018",173,147,-122.9941,48.54748,TRAWL 2,UW/ Marine Bio 250,27-Oct-18,2018,2010,10.5097,12.53,13.2323,13.0806,10.3226,leu,-1.378894737,21.2915614,0.356333333,20.93522807,0.325493984
sole,"158625_01,2018",173,147,-122.9941,48.54748,TRAWL 2,UW/ Marine Bio 250,27-Oct-18,2018,2010,10.5097,12.53,13.2323,13.0806,10.3226,ile,0.918,19.71966667,-0.7785,20.49816667,0.625032266
sole,"158625_01,2018",173,147,-122.9941,48.54748,TRAWL 2,UW/ Marine Bio 250,27-Oct-18,2018,2010,10.5097,12.53,13.2323,13.0806,10.3226,nle,-2.103,12.10033333,-2.603666667,14.704,3.803167277
sole,"158625_01,2018",173,147,-122.9941,48.54748,TRAWL 2,UW/ Marine Bio 250,27-Oct-18,2018,2010,10.5097,12.53,13.2323,13.0806,10.3226,pro,-1.254789474,20.81478947,6.101,14.71378947,0.400822904
sole,"158625_01,2018",173,147,-122.9941,48.54748,TRAWL 2,UW/ Marine Bio 250,27-Oct-18,2018,2010,10.5097,12.53,13.2323,13.0806,10.3226,thr,-3.749368421,-2.673631579,-3.015666667,0.342035088,0.15769591
sole,"158625_01,2018",173,147,-122.9941,48.54748,TRAWL 2,UW/ Marine Bio 250,27-Oct-18,2018,2010,10.5097,12.53,13.2323,13.0806,10.3226,asp,-0.816631579,19.39896491,-0.31,19.70896491,0.198227983
sole,"158625_01,2018",173,147,-122.9941,48.54748,TRAWL 2,UW/ Marine Bio 250,27-Oct-18,2018,2010,10.5097,12.53,13.2323,13.0806,10.3226,ser,-1.156894737,8.688561404,-2.062333333,10.75089474,0.207562842
sole,"158625_01,2018",173,147,-122.9941,48.54748,TRAWL 2,UW/ Marine Bio 250,27-Oct-18,2018,2010,10.5097,12.53,13.2323,13.0806,10.3226,glu,-0.401842105,22.77717544,0.304,22.47317544,0.090334563
sole,"158625_01,2018",173,147,-122.9941,48.54748,TRAWL 2,UW/ Marine Bio 250,27-Oct-18,2018,2010,10.5097,12.53,13.2323,13.0806,10.3226,phe,-0.449052632,6.246052632,0.484333333,5.761719298,0.218988584
sole,"158631, 2018",143,124,-122.9941,48.54748,Trawl 2,UW/ Marine Bio 250,27 Oct. 2018,2018,2010,10.5097,12.53,13.2323,13.0806,10.3226,ala,-1.042736842,25.66440351,0.142333333,25.52207018,0.168119997
sole,"158631, 2018",143,124,-122.9941,48.54748,Trawl 2,UW/ Marine Bio 250,27 Oct. 2018,2018,2010,10.5097,12.53,13.2323,13.0806,10.3226,val,-1.603105263,22.98710526,-0.229,23.21610526,0.202215232
sole,"158631, 2018",143,124,-122.9941,48.54748,Trawl 2,UW/ Marine Bio 250,27 Oct. 2018,2018,2010,10.5097,12.53,13.2323,13.0806,10.3226,leu,-2.987605263,24.41460526,0.356333333,24.05827193,0.123478743
sole,"158631, 2018",143,124,-122.9941,48.54748,Trawl 2,UW/ Marine Bio 250,27 Oct. 2018,2018,2010,10.5097,12.53,13.2323,13.0806,10.3226,ile,1.989,20.62366667,-0.7785,21.40216667,0.338092196
sole,"158631, 2018",143,124,-122.9941,48.54748,Trawl 2,UW/ Marine Bio 250,27 Oct. 2018,2018,2010,10.5097,12.53,13.2323,13.0806,10.3226,nle,-4.5565,14.45683333,-2.603666667,17.0605,2.821500369
sole,"158631, 2018",143,124,-122.9941,48.54748,Trawl 2,UW/ Marine Bio 250,27 Oct. 2018,2018,2010,10.5097,12.53,13.2323,13.0806,10.3226,pro,-2.718710526,21.61137719,6.101,15.51037719,1.040161686
sole,"158631, 2018",143,124,-122.9941,48.54748,Trawl 2,UW/ Marine Bio 250,27 Oct. 2018,2018,2010,10.5097,12.53,13.2323,13.0806,10.3226,thr,-8.123631579,0.572631579,-3.015666667,3.588298246,0.290563246
sole,"158631, 2018",143,124,-122.9941,48.54748,Trawl 2,UW/ Marine Bio 250,27 Oct. 2018,2018,2010,10.5097,12.53,13.2323,13.0806,10.3226,asp,-1.769368421,21.45703509,-0.31,21.76703509,0.071234355
sole,"158631, 2018",143,124,-122.9941,48.54748,Trawl 2,UW/ Marine Bio 250,27 Oct. 2018,2018,2010,10.5097,12.53,13.2323,13.0806,10.3226,ser,-2.506605263,9.80727193,-2.062333333,11.86960526,0.906886064
sole,"158631, 2018",143,124,-122.9941,48.54748,Trawl 2,UW/ Marine Bio 250,27 Oct. 2018,2018,2010,10.5097,12.53,13.2323,13.0806,10.3226,glu,-0.870657895,25.70365789,0.304,25.39965789,0.101296594
sole,"158631, 2018",143,124,-122.9941,48.54748,Trawl 2,UW/ Marine Bio 250,27 Oct. 2018,2018,2010,10.5097,12.53,13.2323,13.0806,10.3226,phe,-0.972947368,7.767947368,0.484333333,7.283614035,0.276490506
sole,NA,,,,,,,,,,,,,,,gly,NA,NA,NA,NA,NA
sole,NA,,,,,,,,,,,,,,,tyr,NA,NA,NA,NA,NA
sole,"10394_01, 1952",133,111,-122.4045,47.91081,,Oncorhynchus,9-Jun-52,1952,1950,9.6,9,8.2,7.6,10.2,ala,2.416452632,22.38721404,1.22425,21.16296404,0.279687921
sole,"10394_01, 1952",133,111,-122.4045,47.91081,,Oncorhynchus,9-Jun-52,1952,1950,9.6,9,8.2,7.6,10.2,val,-0.500822672,20.97582267,0.358,20.61782267,0.738065715
sole,"10394_01, 1952",133,111,-122.4045,47.91081,,Oncorhynchus,9-Jun-52,1952,1950,9.6,9,8.2,7.6,10.2,leu,-0.972853441,20.80452011,1.0415,19.76302011,0.137587548
sole,"10394_01, 1952",133,111,-122.4045,47.91081,,Oncorhynchus,9-Jun-52,1952,1950,9.6,9,8.2,7.6,10.2,nle,-1.682631579,23.11129825,-2.372666667,25.48396491,0.143931697
sole,"10394_01, 1952",133,111,-122.4045,47.91081,,Oncorhynchus,9-Jun-52,1952,1950,9.6,9,8.2,7.6,10.2,pro,-0.999559514,10.92755951,3.226,7.701559514,5.987678432
sole,"10394_01, 1952",133,111,-122.4045,47.91081,,Oncorhynchus,9-Jun-52,1952,1950,9.6,9,8.2,7.6,10.2,thr,2.092478543,18.82318812,-0.57675,19.39993812,0.511024787
sole,"10394_01, 1952",133,111,-122.4045,47.91081,,Oncorhynchus,9-Jun-52,1952,1950,9.6,9,8.2,7.6,10.2,asp,3.436870445,-4.455870445,0.96725,-5.423120445,0.450407593
sole,"10394_01, 1952",133,111,-122.4045,47.91081,,Oncorhynchus,9-Jun-52,1952,1950,9.6,9,8.2,7.6,10.2,ser,-0.466592713,20.51092605,0.0055,20.50542605,0.243689009
sole,"10394_01, 1952",133,111,-122.4045,47.91081,,Oncorhynchus,9-Jun-52,1952,1950,9.6,9,8.2,7.6,10.2,glu,1.239932794,22.54106721,0.57175,21.96931721,0.280030355
sole,"10394_01, 1952",133,111,-122.4045,47.91081,,Oncorhynchus,9-Jun-52,1952,1950,9.6,9,8.2,7.6,10.2,phe,-0.094402429,8.308402429,0.54575,7.762652429,0.354856309
sole,"17077_01, 1964",202,172,-122.9941,48.54748,,R.B. Grinols,2/18/64,1964,1960,7.5,7.1,7.8,8.3,7.4,ala,2.101263158,23.38007018,1.22425,22.15582018,0.200901302
sole,"17077_01, 1964",202,172,-122.9941,48.54748,,R.B. Grinols,2/18/64,1964,1960,7.5,7.1,7.8,8.3,7.4,val,-0.435497976,25.08516464,0.358,24.72716464,0.771807187
sole,"17077_01, 1964",202,172,-122.9941,48.54748,,R.B. Grinols,2/18/64,1964,1960,7.5,7.1,7.8,8.3,7.4,leu,-0.845959514,24.19695951,1.0415,23.15545951,0.169555301
sole,"17077_01, 1964",202,172,-122.9941,48.54748,,R.B. Grinols,2/18/64,1964,1960,7.5,7.1,7.8,8.3,7.4,ile,1.764210526,24.17712281,0.917,23.26012281,0.488958417
sole,"17077_01, 1964",202,172,-122.9941,48.54748,,R.B. Grinols,2/18/64,1964,1960,7.5,7.1,7.8,8.3,7.4,nle,-1.426578947,9.023578947,-2.372666667,11.39624561,11.70827408
sole,"17077_01, 1964",202,172,-122.9941,48.54748,,R.B. Grinols,2/18/64,1964,1960,7.5,7.1,7.8,8.3,7.4,pro,-0.869182186,25.29884885,3.226,22.07284885,0.258403431
sole,"17077_01, 1964",202,172,-122.9941,48.54748,,R.B. Grinols,2/18/64,1964,1960,7.5,7.1,7.8,8.3,7.4,thr,1.819546559,-6.784546559,-0.57675,-6.207796559,1.036577059
sole,"17077_01, 1964",202,172,-122.9941,48.54748,,R.B. Grinols,2/18/64,1964,1960,7.5,7.1,7.8,8.3,7.4,asp,2.988582996,17.332417,0.96725,16.365167,0.839857726
sole,"17077_01, 1964",202,172,-122.9941,48.54748,,R.B. Grinols,2/18/64,1964,1960,7.5,7.1,7.8,8.3,7.4,ser,-0.405732794,10.94773279,0.0055,10.94223279,0.971716522
sole,"17077_01, 1964",202,172,-122.9941,48.54748,,R.B. Grinols,2/18/64,1964,1960,7.5,7.1,7.8,8.3,7.4,glu,1.078202429,24.12779757,0.57175,23.55604757,0.316498025
sole,"17077_01, 1964",202,172,-122.9941,48.54748,,R.B. Grinols,2/18/64,1964,1960,7.5,7.1,7.8,8.3,7.4,phe,-0.082089069,6.825422402,0.54575,6.279672402,0.703959042
sole,"17077_02, 1964",159,132,-122.9941,48.54748,,R.B. Grinols,2/18/64,1964,1960,7.5,7.1,7.8,8.3,7.4,ala,0.630378947,22.30995439,1.22425,21.08570439,0.271531459
sole,"17077_02, 1964",159,132,-122.9941,48.54748,,R.B. Grinols,2/18/64,1964,1960,7.5,7.1,7.8,8.3,7.4,val,-0.130649393,22.49631606,0.358,22.13831606,0.600191081
sole,"17077_02, 1964",159,132,-122.9941,48.54748,,R.B. Grinols,2/18/64,1964,1960,7.5,7.1,7.8,8.3,7.4,leu,-0.253787854,20.98312119,1.0415,19.94162119,0.460722621
sole,"17077_02, 1964",159,132,-122.9941,48.54748,,R.B. Grinols,2/18/64,1964,1960,7.5,7.1,7.8,8.3,7.4,ile,0.529263158,21.01507018,0.917,20.09807018,0.330418422
sole,"17077_02, 1964",159,132,-122.9941,48.54748,,R.B. Grinols,2/18/64,1964,1960,7.5,7.1,7.8,8.3,7.4,nle,-0.438947368,13.6982807,-2.372666667,16.07094737,1.334421722
sole,"17077_02, 1964",159,132,-122.9941,48.54748,,R.B. Grinols,2/18/64,1964,1960,7.5,7.1,7.8,8.3,7.4,pro,-0.260754656,15.00475466,3.226,11.77875466,0.745651393
sole,"17077_02, 1964",159,132,-122.9941,48.54748,,R.B. Grinols,2/18/64,1964,1960,7.5,7.1,7.8,8.3,7.4,thr,0.545863968,-2.549863968,-0.57675,-1.973113968,0.641897967
sole,"17077_02, 1964",159,132,-122.9941,48.54748,,R.B. Grinols,2/18/64,1964,1960,7.5,7.1,7.8,8.3,7.4,asp,0.896574899,17.04009177,0.96725,16.07284177,0.768964455
sole,"17077_02, 1964",159,132,-122.9941,48.54748,,R.B. Grinols,2/18/64,1964,1960,7.5,7.1,7.8,8.3,7.4,ser,-0.121719838,9.913719838,0.0055,9.908219838,1.079446154
sole,"17077_02, 1964",159,132,-122.9941,48.54748,,R.B. Grinols,2/18/64,1964,1960,7.5,7.1,7.8,8.3,7.4,glu,0.323460729,22.44520594,0.57175,21.87345594,0.449307615
sole,"17077_02, 1964",159,132,-122.9941,48.54748,,R.B. Grinols,2/18/64,1964,1960,7.5,7.1,7.8,8.3,7.4,phe,-0.024626721,6.926960054,0.54575,6.381210054,0.619424195
sole,"5523_02, 1947",153,129,-122.436,47.79898,,Delacy & Party,18-Aug-47,1947,1940,10.9,10.6,10.4,9.5,10.8,ala,1.681010526,20.34065614,1.22425,19.11640614,0.27415385
sole,"5523_02, 1947",153,129,-122.436,47.79898,,Delacy & Party,18-Aug-47,1947,1940,10.9,10.6,10.4,9.5,10.8,val,-0.348398381,21.12806505,0.358,20.77006505,0.26595175
sole,"5523_02, 1947",153,129,-122.436,47.79898,,Delacy & Party,18-Aug-47,1947,1940,10.9,10.6,10.4,9.5,10.8,leu,-0.676767611,20.23843428,1.0415,19.19693428,0.097654152
sole,"5523_02, 1947",153,129,-122.436,47.79898,,Delacy & Party,18-Aug-47,1947,1940,10.9,10.6,10.4,9.5,10.8,ile,1.411368421,20.32863158,0.917,19.41163158,0.314248309
sole,"5523_02, 1947",153,129,-122.436,47.79898,,Delacy & Party,18-Aug-47,1947,1940,10.9,10.6,10.4,9.5,10.8,nle,-1.170526316,15.85702632,-2.372666667,18.22969298,0.143542677
sole,"5523_02, 1947",153,129,-122.436,47.79898,,Delacy & Party,18-Aug-47,1947,1940,10.9,10.6,10.4,9.5,10.8,pro,-0.695345749,21.45101242,3.226,18.22501242,1.044835553
sole,"5523_02, 1947",153,129,-122.436,47.79898,,Delacy & Party,18-Aug-47,1947,1940,10.9,10.6,10.4,9.5,10.8,thr,1.455637247,-2.459303914,-0.57675,-1.882553914,1.425252726
sole,"5523_02, 1947",153,129,-122.436,47.79898,,Delacy & Party,18-Aug-47,1947,1940,10.9,10.6,10.4,9.5,10.8,asp,2.390866397,15.22046694,0.96725,14.25321694,0.219905283
sole,"5523_02, 1947",153,129,-122.436,47.79898,,Delacy & Party,18-Aug-47,1947,1940,10.9,10.6,10.4,9.5,10.8,ser,-0.324586235,11.15058623,0.0055,11.14508623,0.738976996
sole,"5523_02, 1947",153,129,-122.436,47.79898,,Delacy & Party,18-Aug-47,1947,1940,10.9,10.6,10.4,9.5,10.8,glu,0.862561943,21.23710472,0.57175,20.66535472,0.057448528
sole,"5523_02, 1947",153,129,-122.436,47.79898,,Delacy & Party,18-Aug-47,1947,1940,10.9,10.6,10.4,9.5,10.8,phe,-0.065671255,6.602337922,0.54575,6.056587922,0.268995043
sole,"5829, 1950",130,111,-122.5583,47.71997,,M.V. Oncorhynchus,4-May-50,1950,1950,8.7,7.7,6.6,5.8,9.4,ala,0.945568421,23.44076491,1.22425,22.21651491,0.1742766
sole,"5829, 1950",130,111,-122.5583,47.71997,,M.V. Oncorhynchus,4-May-50,1950,1950,8.7,7.7,6.6,5.8,9.4,val,-0.195974089,24.65597409,0.358,24.29797409,0.207566857
sole,"5829, 1950",130,111,-122.5583,47.71997,,M.V. Oncorhynchus,4-May-50,1950,1950,8.7,7.7,6.6,5.8,9.4,leu,-0.380681781,22.85501511,1.0415,21.81351511,0.477661317
sole,"5829, 1950",130,111,-122.5583,47.71997,,M.V. Oncorhynchus,4-May-50,1950,1950,8.7,7.7,6.6,5.8,9.4,ile,0.793894737,22.58277193,0.917,21.66577193,0.039106692
sole,"5829, 1950",130,111,-122.5583,47.71997,,M.V. Oncorhynchus,4-May-50,1950,1950,8.7,7.7,6.6,5.8,9.4,nle,-0.658421053,14.32342105,-2.372666667,16.69608772,2.036203084
sole,"5829, 1950",130,111,-122.5583,47.71997,,M.V. Oncorhynchus,4-May-50,1950,1950,8.7,7.7,6.6,5.8,9.4,pro,-0.391131984,17.59879865,3.226,14.37279865,1.42983787
sole,"5829, 1950",130,111,-122.5583,47.71997,,M.V. Oncorhynchus,4-May-50,1950,1950,8.7,7.7,6.6,5.8,9.4,thr,0.818795951,-1.104795951,-0.57675,-0.528045951,0.477246268
sole,"5829, 1950",130,111,-122.5583,47.71997,,M.V. Oncorhynchus,4-May-50,1950,1950,8.7,7.7,6.6,5.8,9.4,asp,1.344862348,18.19047099,0.96725,17.22322099,0.290072979
sole,"5829, 1950",130,111,-122.5583,47.71997,,M.V. Oncorhynchus,4-May-50,1950,1950,8.7,7.7,6.6,5.8,9.4,ser,-0.182579757,9.937246424,0.0055,9.931746424,0.47167927
sole,"5829, 1950",130,111,-122.5583,47.71997,,M.V. Oncorhynchus,4-May-50,1950,1950,8.7,7.7,6.6,5.8,9.4,glu,0.485191093,23.65514224,0.57175,23.08339224,0.097838302
sole,"5829, 1950",130,111,-122.5583,47.71997,,M.V. Oncorhynchus,4-May-50,1950,1950,8.7,7.7,6.6,5.8,9.4,phe,-0.036940081,7.137606748,0.54575,6.591856748,0.260386892
sole,"6013_01, 1950",125,109,-122.4204,47.69277,,M.V. Oncorhynchus,24-May-50,1950,1950,8.7,7.7,6.6,5.8,9.4,ala,1.365821053,21.70251228,1.22425,20.47826228,0.284355998
sole,"6013_01, 1950",125,109,-122.4204,47.69277,,M.V. Oncorhynchus,24-May-50,1950,1950,8.7,7.7,6.6,5.8,9.4,val,-0.283073684,23.36807368,0.358,23.01007368,0.262289916
sole,"6013_01, 1950",125,109,-122.4204,47.69277,,M.V. Oncorhynchus,24-May-50,1950,1950,8.7,7.7,6.6,5.8,9.4,leu,-0.549873684,21.88554035,1.0415,20.84404035,0.095845362
sole,"6013_01, 1950",125,109,-122.4204,47.69277,,M.V. Oncorhynchus,24-May-50,1950,1950,8.7,7.7,6.6,5.8,9.4,ile,1.146736842,22.52559649,0.917,21.60859649,0.331919167
sole,"6013_01, 1950",125,109,-122.4204,47.69277,,M.V. Oncorhynchus,24-May-50,1950,1950,8.7,7.7,6.6,5.8,9.4,nle,-0.951052632,10.19338596,-2.372666667,12.56605263,4.714267741
sole,"6013_01, 1950",125,109,-122.4204,47.69277,,M.V. Oncorhynchus,24-May-50,1950,1950,8.7,7.7,6.6,5.8,9.4,pro,-0.564968421,9.277301754,3.226,6.051301754,0.996972584
sole,"6013_01, 1950",125,109,-122.4204,47.69277,,M.V. Oncorhynchus,24-May-50,1950,1950,8.7,7.7,6.6,5.8,9.4,thr,1.182705263,-2.58437193,-0.57675,-2.00762193,1.319962247
sole,"6013_01, 1950",125,109,-122.4204,47.69277,,M.V. Oncorhynchus,24-May-50,1950,1950,8.7,7.7,6.6,5.8,9.4,asp,1.942578947,16.84975439,0.96725,15.88250439,0.17964502
sole,"6013_01, 1950",125,109,-122.4204,47.69277,,M.V. Oncorhynchus,24-May-50,1950,1950,8.7,7.7,6.6,5.8,9.4,ser,-0.263726316,8.696059649,0.0055,8.690559649,0.928659428
sole,"6013_01, 1950",125,109,-122.4204,47.69277,,M.V. Oncorhynchus,24-May-50,1950,1950,8.7,7.7,6.6,5.8,9.4,glu,0.700831579,22.20083509,0.57175,21.62908509,0.205898842
sole,"6013_01, 1950",125,109,-122.4204,47.69277,,M.V. Oncorhynchus,24-May-50,1950,1950,8.7,7.7,6.6,5.8,9.4,phe,-0.053357895,7.500691228,0.54575,6.954941228,0.092613894
sole,NA,,,,,,,,,,,,,,,gly,NA,NA,NA,NA,NA
sole,NA,,,,,,,,,,,,,,,tyr,NA,NA,NA,NA,NA
sole,"026115_02, 1975",139,116,-122.4601,47.66411,75079-1,,2-Dec,1975,1970,7.8,9.2,9.6,10.4,8.2,ala,2.015345016,20.43332165,1.1686,19.26472165,0.095866226
sole,"026115_02, 1975",139,116,-122.4601,47.66411,75079-1,,2-Dec,1975,1970,7.8,9.2,9.6,10.4,8.2,val,-2.113318729,22.01631873,-0.5236,22.53991873,0.227611511
sole,"026115_02, 1975",139,116,-122.4601,47.66411,75079-1,,2-Dec,1975,1970,7.8,9.2,9.6,10.4,8.2,leu,-1.549309967,21.95097663,0.7408,21.21017663,0.058773577
sole,"026115_02, 1975",139,116,-122.4601,47.66411,75079-1,,2-Dec,1975,1970,7.8,9.2,9.6,10.4,8.2,ile,0.666889376,22.04377729,1.1802,20.86357729,0.322506331
sole,"026115_02, 1975",139,116,-122.4601,47.66411,75079-1,,2-Dec,1975,1970,7.8,9.2,9.6,10.4,8.2,nle,-16.14,30.948,-0.9635,31.9115,0.2694049
sole,"026115_02, 1975",139,116,-122.4601,47.66411,75079-1,,2-Dec,1975,1970,7.8,9.2,9.6,10.4,8.2,pro,-0.587940854,19.12594085,3.3486,15.77734085,0.813889427
sole,"026115_02, 1975",139,116,-122.4601,47.66411,75079-1,,2-Dec,1975,1970,7.8,9.2,9.6,10.4,8.2,thr,0.752913472,-1.640246805,-0.1374,-1.502846805,0.422748546
sole,"026115_02, 1975",139,116,-122.4601,47.66411,75079-1,,2-Dec,1975,1970,7.8,9.2,9.6,10.4,8.2,asp,-0.626495071,19.41316174,0.1766,19.23656174,0.188606292
sole,"026115_02, 1975",139,116,-122.4601,47.66411,75079-1,,2-Dec,1975,1970,7.8,9.2,9.6,10.4,8.2,ser,1.493231106,10.05910223,0.1562,9.902902227,0.278009592
sole,"026115_02, 1975",139,116,-122.4601,47.66411,75079-1,,2-Dec,1975,1970,7.8,9.2,9.6,10.4,8.2,glu,1.48253012,22.17480321,1.497,20.67780321,0.013503086
sole,"026115_02, 1975",139,116,-122.4601,47.66411,75079-1,,2-Dec,1975,1970,7.8,9.2,9.6,10.4,8.2,phe,0.623997809,6.758335524,1.1466,5.611735524,0.205393119
sole,"026121, 1983",147,120,-122.4243,47.7007,,401,4/14/83,1983,1980,10,9.3,8.6,8.6,8.8,ala,1.612276013,22.37372399,1.1686,21.20512399,0.101887193
sole,"026121, 1983",147,120,-122.4243,47.7007,,401,4/14/83,1983,1980,10,9.3,8.6,8.6,8.8,val,-1.690654984,25.62632165,-0.5236,26.14992165,1.18483093
sole,"026121, 1983",147,120,-122.4243,47.7007,,401,4/14/83,1983,1980,10,9.3,8.6,8.6,8.8,leu,-1.239447974,23.99978131,0.7408,23.25898131,0.375000444
sole,"026121, 1983",147,120,-122.4243,47.7007,,401,4/14/83,1983,1980,10,9.3,8.6,8.6,8.8,ile,0.533511501,24.65782183,1.1802,23.47762183,0.2734709
sole,"026121, 1983",147,120,-122.4243,47.7007,,401,4/14/83,1983,1980,10,9.3,8.6,8.6,8.8,nle,-12.912,28.21466667,-0.9635,29.17816667,0.442009427
sole,"026121, 1983",147,120,-122.4243,47.7007,,401,4/14/83,1983,1980,10,9.3,8.6,8.6,8.8,pro,-0.470352683,19.35101935,3.3486,16.00241935,0.525796856
sole,"026121, 1983",147,120,-122.4243,47.7007,,401,4/14/83,1983,1980,10,9.3,8.6,8.6,8.8,thr,0.602330778,-5.334664111,-0.1374,-5.197264111,0.56813496
sole,"026121, 1983",147,120,-122.4243,47.7007,,401,4/14/83,1983,1980,10,9.3,8.6,8.6,8.8,asp,-0.501196057,20.43786272,0.1766,20.26126272,0.241268177
sole,"026121, 1983",147,120,-122.4243,47.7007,,401,4/14/83,1983,1980,10,9.3,8.6,8.6,8.8,ser,1.194584885,8.981748448,0.1562,8.825548448,1.046711199
sole,"026121, 1983",147,120,-122.4243,47.7007,,401,4/14/83,1983,1980,10,9.3,8.6,8.6,8.8,glu,1.186024096,24.0409759,1.497,22.5439759,0.241006224
sole,"026121, 1983",147,120,-122.4243,47.7007,,401,4/14/83,1983,1980,10,9.3,8.6,8.6,8.8,phe,0.499198248,6.429135086,1.1466,5.282535086,0.327159492
sole,"111197_01, 1975",153,131,-122.4601,47.66411,,NA,Jul-75,1975,1970,10.2,9.4,8.7,7.7,10,ala,0.906905257,22.36476141,1.1686,21.19616141,0.063846169
sole,"111197_01, 1975",153,131,-122.4601,47.66411,,NA,Jul-75,1975,1970,10.2,9.4,8.7,7.7,10,val,-0.950993428,22.86266009,-0.5236,23.38626009,0.208169002
sole,"111197_01, 1975",153,131,-122.4601,47.66411,,NA,Jul-75,1975,1970,10.2,9.4,8.7,7.7,10,leu,-0.697189485,21.18985615,0.7408,20.44905615,0.35214533
sole,"111197_01, 1975",153,131,-122.4601,47.66411,,NA,Jul-75,1975,1970,10.2,9.4,8.7,7.7,10,ile,0.300100219,21.27756645,1.1802,20.09736645,0.43391397
sole,"111197_01, 1975",153,131,-122.4601,47.66411,,NA,Jul-75,1975,1970,10.2,9.4,8.7,7.7,10,nle,-7.263,22.18766667,-0.9635,23.15116667,0.26618853
sole,"111197_01, 1975",153,131,-122.4601,47.66411,,NA,Jul-75,1975,1970,10.2,9.4,8.7,7.7,10,thr,0.338811062,-3.029144396,-0.1374,-2.891744396,0.387991409
sole,"111197_01, 1975",153,131,-122.4601,47.66411,,NA,Jul-75,1975,1970,10.2,9.4,8.7,7.7,10,asp,-0.281922782,18.42525612,0.1766,18.24865612,0.189611005
sole,"111197_01, 1975",153,131,-122.4601,47.66411,,NA,Jul-75,1975,1970,10.2,9.4,8.7,7.7,10,ser,0.671953998,9.773379336,0.1562,9.617179336,0.491084853
sole,"111197_01, 1975",153,131,-122.4601,47.66411,,NA,Jul-75,1975,1970,10.2,9.4,8.7,7.7,10,glu,0.667138554,22.88219478,1.497,21.38519478,0.13360514
sole,"111197_01, 1975",153,131,-122.4601,47.66411,,NA,Jul-75,1975,1970,10.2,9.4,8.7,7.7,10,phe,0.280799014,5.205867652,1.1466,4.059267652,0.085617366
sole,"16925, 1963",167,140,-122.4204,47.69277,,R. Grinols,Spring 1963; 1/1/1963 online,1963,1960,9.0225,,,,8.75,ala,1.309974261,23.33902574,1.1686,22.17042574,0.072062473
sole,"16925, 1963",167,140,-122.4204,47.69277,,R. Grinols,Spring 1963; 1/1/1963 online,1963,1960,9.0225,,,,8.75,val,-1.373657174,24.98465717,-0.5236,25.50825717,0.372392266
sole,"16925, 1963",167,140,-122.4204,47.69277,,R. Grinols,Spring 1963; 1/1/1963 online,1963,1960,9.0225,,,,8.75,leu,-1.007051479,22.46038481,0.7408,21.71958481,0.081953239
sole,"16925, 1963",167,140,-122.4204,47.69277,,R. Grinols,Spring 1963; 1/1/1963 online,1963,1960,9.0225,,,,8.75,ile,0.433478094,23.05385524,1.1802,21.87365524,0.361455853
sole,"16925, 1963",167,140,-122.4204,47.69277,,R. Grinols,Spring 1963; 1/1/1963 online,1963,1960,9.0225,,,,8.75,nle,-10.491,19.266,-0.9635,20.2295,0.66265451
sole,"16925, 1963",167,140,-122.4204,47.69277,,R. Grinols,Spring 1963; 1/1/1963 online,1963,1960,9.0225,,,,8.75,pro,-0.382161555,21.47049489,3.3486,18.12189489,0.316323147
sole,"16925, 1963",167,140,-122.4204,47.69277,,R. Grinols,Spring 1963; 1/1/1963 online,1963,1960,9.0225,,,,8.75,thr,0.489393757,-6.617060424,-0.1374,-6.479660424,0.340021078
sole,"16925, 1963",167,140,-122.4204,47.69277,,R. Grinols,Spring 1963; 1/1/1963 online,1963,1960,9.0225,,,,8.75,asp,-0.407221796,20.90155513,0.1766,20.72495513,0.390454009
sole,"16925, 1963",167,140,-122.4204,47.69277,,R. Grinols,Spring 1963; 1/1/1963 online,1963,1960,9.0225,,,,8.75,ser,0.970600219,7.018399781,0.1562,6.862199781,0.697787217
sole,"16925, 1963",167,140,-122.4204,47.69277,,R. Grinols,Spring 1963; 1/1/1963 online,1963,1960,9.0225,,,,8.75,glu,0.963644578,23.87068876,1.497,22.37368876,0.76626127
sole,"16925, 1963",167,140,-122.4204,47.69277,,R. Grinols,Spring 1963; 1/1/1963 online,1963,1960,9.0225,,,,8.75,phe,0.405598576,6.555401424,1.1466,5.408801424,0.59533436
sole,"40644_01, 1979; 40664*",147,122,-122.7601,48.09012,,D.W. Nelson,5-Jan-79,1979,1970,6.5,7.3,8.2,9.8,7.6,ala,0.604603505,22.34906316,1.1686,21.18046316,0.156596083
sole,"40644_01, 1979; 40664*",147,122,-122.7601,48.09012,,D.W. Nelson,5-Jan-79,1979,1970,6.5,7.3,8.2,9.8,7.6,val,-0.633995619,22.36132895,-0.5236,22.88492895,0.417235345
sole,"40644_01, 1979; 40664*",147,122,-122.7601,48.09012,,D.W. Nelson,5-Jan-79,1979,1970,6.5,7.3,8.2,9.8,7.6,leu,-0.46479299,20.77312632,0.7408,20.03232632,0.185484051
sole,"40644_01, 1979; 40664*",147,122,-122.7601,48.09012,,D.W. Nelson,5-Jan-79,1979,1970,6.5,7.3,8.2,9.8,7.6,ile,0.200066813,21.32926652,1.1802,20.14906652,0.478298373
sole,"40644_01, 1979; 40664*",147,122,-122.7601,48.09012,,D.W. Nelson,5-Jan-79,1979,1970,6.5,7.3,8.2,9.8,7.6,nle,-4.842,19.51333333,-0.9635,20.47683333,0.887521455
sole,"40644_01, 1979; 40664*",147,122,-122.7601,48.09012,,D.W. Nelson,5-Jan-79,1979,1970,6.5,7.3,8.2,9.8,7.6,thr,0.225874042,-1.969874042,-0.1374,-1.832474042,0.615493298
sole,"40644_01, 1979; 40664*",147,122,-122.7601,48.09012,,D.W. Nelson,5-Jan-79,1979,1970,6.5,7.3,8.2,9.8,7.6,asp,-0.187948521,19.12894852,0.1766,18.95234852,0.514230493
sole,"40644_01, 1979; 40664*",147,122,-122.7601,48.09012,,D.W. Nelson,5-Jan-79,1979,1970,6.5,7.3,8.2,9.8,7.6,ser,0.447969332,8.903030668,0.1562,8.746830668,1.605055451
sole,"40644_01, 1979; 40664*",147,122,-122.7601,48.09012,,D.W. Nelson,5-Jan-79,1979,1970,6.5,7.3,8.2,9.8,7.6,glu,0.444759036,22.21390763,1.497,20.71690763,0.130082025
sole,"40644_01, 1979; 40664*",147,122,-122.7601,48.09012,,D.W. Nelson,5-Jan-79,1979,1970,6.5,7.3,8.2,9.8,7.6,phe,0.187199343,5.937467324,1.1466,4.790867324,0.38413062
sole,"40644_01, 1979; 40664*",,,,,,,,,,,,,,,gly,NA,NA,NA,NA,NA
sole,"40644_01, 1979; 40664*",,,,,,,,,,,,,,,tyr,NA,NA,NA,NA,NA
sole,"026114_,1979",137,114,-122.4243,47.7007,,Pietsch & class,29-3-79,1979,1970,7.5,6.9,6.5,7.3,8.3,ala,1.340473713,22.39685962,0.703,21.69385962,0.145582737
sole,"026114_,1979",137,114,-122.4243,47.7007,,Pietsch & class,29-3-79,1979,1970,7.5,6.9,6.5,7.3,8.3,val,-1.001056955,22.17172362,-0.712,22.88372362,0.432527841
sole,"026114_,1979",137,114,-122.4243,47.7007,,Pietsch & class,29-3-79,1979,1970,7.5,6.9,6.5,7.3,8.3,leu,-0.876659912,21.12399325,0.8798,20.24419325,0.248644995
sole,"026114_,1979",137,114,-122.4243,47.7007,,Pietsch & class,29-3-79,1979,1970,7.5,6.9,6.5,7.3,8.3,ile,0.354210843,21.70278916,1.3688,20.33398916,0.408823923
sole,"026114_,1979",137,114,-122.4243,47.7007,,Pietsch & class,29-3-79,1979,1970,7.5,6.9,6.5,7.3,8.3,nle,-0.991078947,15.50041228,-0.865333333,16.36574561,0.685986394
sole,"026114_,1979",137,114,-122.4243,47.7007,,Pietsch & class,29-3-79,1979,1970,7.5,6.9,6.5,7.3,8.3,pro,0.92520701,16.59612632,3.3656,13.23052632,0.113650048
sole,"026114_,1979",137,114,-122.4243,47.7007,,Pietsch & class,29-3-79,1979,1970,7.5,6.9,6.5,7.3,8.3,thr,1.081278204,-4.48394487,0.1258,-4.60974487,0.39154225
sole,"026114_,1979",137,114,-122.4243,47.7007,,Pietsch & class,29-3-79,1979,1970,7.5,6.9,6.5,7.3,8.3,ser,0.667841183,17.97215882,0.8616,17.11055882,0.424649267
sole,"026114_,1979",137,114,-122.4243,47.7007,,Pietsch & class,29-3-79,1979,1970,7.5,6.9,6.5,7.3,8.3,glu,0.522940307,22.91139303,1.0828,21.82859303,0.293477995
sole,"026114_,1979",137,114,-122.4243,47.7007,,Pietsch & class,29-3-79,1979,1970,7.5,6.9,6.5,7.3,8.3,phe,-0.029011501,5.990344834,0.98,5.010344834,0.515869493
sole,"10394_03, 1952",146,124,-122.4045,47.91081,,Oncorhynchus,9-Jun-52,1952,1950,9.6,9,8.2,7.6,10.2,ala,2.01071057,19.44528943,0.703,18.74228943,0.130107648
sole,"10394_03, 1952",146,124,-122.4045,47.91081,,Oncorhynchus,9-Jun-52,1952,1950,9.6,9,8.2,7.6,10.2,val,-1.501585433,22.49158543,-0.712,23.20358543,0.03959798
sole,"10394_03, 1952",146,124,-122.4045,47.91081,,Oncorhynchus,9-Jun-52,1952,1950,9.6,9,8.2,7.6,10.2,leu,-1.314989869,20.28148987,0.8798,19.40168987,0.028991378
sole,"10394_03, 1952",146,124,-122.4045,47.91081,,Oncorhynchus,9-Jun-52,1952,1950,9.6,9,8.2,7.6,10.2,ile,0.531316265,20.74668373,1.3688,19.37788373,0.280014285
sole,"10394_03, 1952",146,124,-122.4045,47.91081,,Oncorhynchus,9-Jun-52,1952,1950,9.6,9,8.2,7.6,10.2,nle,-1.486618421,10.30461842,-0.865333333,11.16995175,7.922424376
sole,"10394_03, 1952",146,124,-122.4045,47.91081,,Oncorhynchus,9-Jun-52,1952,1950,9.6,9,8.2,7.6,10.2,pro,1.387810515,-1.308310515,3.3656,-4.673910515,0.115258405
sole,"10394_03, 1952",146,124,-122.4045,47.91081,,Oncorhynchus,9-Jun-52,1952,1950,9.6,9,8.2,7.6,10.2,glu,0.78441046,21.12908954,1.0828,20.04628954,0.242537626
sole,"10394_03, 1952",146,124,-122.4045,47.91081,,Oncorhynchus,9-Jun-52,1952,1950,9.6,9,8.2,7.6,10.2,phe,-0.043517251,6.572017251,0.98,5.592017251,0.296277741
sole,"111168_01, 1975",150,127,-122.4601,47.66411,,Winge,5-Jun-75,1975,1970,9.4,8.7,7.7,7.2,9.7,ala,1.649813801,20.05651953,0.703,19.35351953,0.221576924
sole,"111168_01, 1975",150,127,-122.4601,47.66411,,Winge,5-Jun-75,1975,1970,9.4,8.7,7.7,7.2,9.7,val,-1.232070099,23.76840343,-0.712,24.48040343,0.086961677
sole,"111168_01, 1975",150,127,-122.4601,47.66411,,Winge,5-Jun-75,1975,1970,9.4,8.7,7.7,7.2,9.7,leu,-1.078966046,21.25296605,0.8798,20.37316605,0.067734777
sole,"111168_01, 1975",150,127,-122.4601,47.66411,,Winge,5-Jun-75,1975,1970,9.4,8.7,7.7,7.2,9.7,ile,0.435951807,22.59438153,1.3688,21.22558153,0.402731093
sole,"111168_01, 1975",150,127,-122.4601,47.66411,,Winge,5-Jun-75,1975,1970,9.4,8.7,7.7,7.2,9.7,nle,-1.219789474,16.58778947,-0.865333333,17.45312281,0.112867179
sole,"111168_01, 1975",150,127,-122.4601,47.66411,,Winge,5-Jun-75,1975,1970,9.4,8.7,7.7,7.2,9.7,pro,1.13871632,15.65895035,3.3656,12.29335035,0.323997428
sole,"111168_01, 1975",150,127,-122.4601,47.66411,,Winge,5-Jun-75,1975,1970,9.4,8.7,7.7,7.2,9.7,thr,1.330803943,-7.483137276,0.1258,-7.608937276,0.044377171
sole,"111168_01, 1975",150,127,-122.4601,47.66411,,Winge,5-Jun-75,1975,1970,9.4,8.7,7.7,7.2,9.7,ser,0.821958379,17.35170829,0.8616,16.49010829,0.425060388
sole,"111168_01, 1975",150,127,-122.4601,47.66411,,Winge,5-Jun-75,1975,1970,9.4,8.7,7.7,7.2,9.7,glu,0.643618839,21.76938116,1.0828,20.68658116,0.148553021
sole,"111168_01, 1975",150,127,-122.4601,47.66411,,Winge,5-Jun-75,1975,1970,9.4,8.7,7.7,7.2,9.7,phe,-0.035706462,5.454706462,0.98,4.474706462,0.283691734
sole,112218_1993,151,128,-122.5022,47.66807,,S. Meyers,15-Oct-93,1993,1990,10.1,11,11.2,11,10,ala,0.618680175,23.98765316,0.703,23.28465316,0.215500193
sole,112218_1993,151,128,-122.5022,47.66807,,S. Meyers,15-Oct-93,1993,1990,10.1,11,11.2,11,10,val,-0.462026287,24.22935962,-0.712,24.94135962,0.772932295
sole,112218_1993,151,128,-122.5022,47.66807,,S. Meyers,15-Oct-93,1993,1990,10.1,11,11.2,11,10,leu,-0.404612267,22.64127893,0.8798,21.76147893,0.11836103
sole,112218_1993,151,128,-122.5022,47.66807,,S. Meyers,15-Oct-93,1993,1990,10.1,11,11.2,11,10,ile,0.163481928,24.24118474,1.3688,22.87238474,0.35793342
sole,112218_1993,151,128,-122.5022,47.66807,,S. Meyers,15-Oct-93,1993,1990,10.1,11,11.2,11,10,nle,-0.457421053,12.41742105,-0.865333333,13.28275439,2.108152983
sole,112218_1993,151,128,-122.5022,47.66807,,S. Meyers,15-Oct-93,1993,1990,10.1,11,11.2,11,10,pro,0.42701862,19.43498138,3.3656,16.06938138,0.479440299
sole,112218_1993,151,128,-122.5022,47.66807,,S. Meyers,15-Oct-93,1993,1990,10.1,11,11.2,11,10,thr,0.499051479,-3.901384812,0.1258,-4.027184812,0.579807152
sole,112218_1993,151,128,-122.5022,47.66807,,S. Meyers,15-Oct-93,1993,1990,10.1,11,11.2,11,10,ser,0.308234392,19.28876561,0.8616,18.42716561,0.152354849
sole,112218_1993,151,128,-122.5022,47.66807,,S. Meyers,15-Oct-93,1993,1990,10.1,11,11.2,11,10,glu,0.241357065,24.6513096,1.0828,23.5685096,0.403233596
sole,112218_1993,151,128,-122.5022,47.66807,,S. Meyers,15-Oct-93,1993,1990,10.1,11,11.2,11,10,phe,-0.013389923,7.51405659,0.98,6.53405659,0.5537674
sole,"48351_02, 1984",152,130,-122.4258,47.67915,,Steven Leipertz,4/17/84,1984,1980,9,8.4,7.8,7.5,10,ala,0.928020263,22.09231307,0.703,21.38931307,0.081818906
sole,"48351_02, 1984",152,130,-122.4258,47.67915,,Steven Leipertz,4/17/84,1984,1980,9,8.4,7.8,7.5,10,val,-0.69303943,21.78037276,-0.712,22.49237276,0.783279218
sole,"48351_02, 1984",152,130,-122.4258,47.67915,,Steven Leipertz,4/17/84,1984,1980,9,8.4,7.8,7.5,10,leu,-0.606918401,20.60225173,0.8798,19.72245173,0.274102779
sole,"48351_02, 1984",152,130,-122.4258,47.67915,,Steven Leipertz,4/17/84,1984,1980,9,8.4,7.8,7.5,10,ile,0.245222892,21.82944378,1.3688,20.46064378,0.50366788
sole,"48351_02, 1984",152,130,-122.4258,47.67915,,Steven Leipertz,4/17/84,1984,1980,9,8.4,7.8,7.5,10,nle,-0.686131579,14.13713158,-0.865333333,15.00246491,0.659677952
sole,"48351_02, 1984",152,130,-122.4258,47.67915,,Steven Leipertz,4/17/84,1984,1980,9,8.4,7.8,7.5,10,pro,0.64052793,18.99613874,3.3656,15.63053874,0.254464798
sole,"48351_02, 1984",152,130,-122.4258,47.67915,,Steven Leipertz,4/17/84,1984,1980,9,8.4,7.8,7.5,10,thr,0.748577218,-6.181243885,0.1258,-6.307043885,0.398301812
sole,"48351_02, 1984",152,130,-122.4258,47.67915,,Steven Leipertz,4/17/84,1984,1980,9,8.4,7.8,7.5,10,ser,0.462351588,16.98564841,0.8616,16.12404841,0.154146035
sole,"48351_02, 1984",152,130,-122.4258,47.67915,,Steven Leipertz,4/17/84,1984,1980,9,8.4,7.8,7.5,10,glu,0.362035597,22.2039644,1.0828,21.1211644,0.050586559
sole,"48351_02, 1984",152,130,-122.4258,47.67915,,Steven Leipertz,4/17/84,1984,1980,9,8.4,7.8,7.5,10,phe,-0.020084885,6.047418218,0.98,5.067418218,1.355624333
sole,,,,,,,,,,,,,,,,asp,NA,NA,NA,NA,NA
sole,,,,,,,,,,,,,,,,gly,NA,NA,NA,NA,NA
sole,,,,,,,,,,,,,,,,tyr,NA,NA,NA,NA,NA
sole,"16616_02, 1942",204,167,-122.436,47.79898,,Welander & class,6/2/42,1942,1940,9.8,9.6,8.5,7.8,10.5,ala,-0.817787514,23.40278751,-0.477,23.87978751,0.266050747
sole,"16616_02, 1942",204,167,-122.436,47.79898,,Welander & class,6/2/42,1942,1940,9.8,9.6,8.5,7.8,10.5,val,-2.586996714,24.07533005,-1.1396,25.21493005,0.509824807
sole,"16616_02, 1942",204,167,-122.436,47.79898,,Welander & class,6/2/42,1942,1940,9.8,9.6,8.5,7.8,10.5,leu,-1.093052632,22.41805263,1.859333333,20.5587193,0.081504601
sole,"16616_02, 1942",204,167,-122.436,47.79898,,Welander & class,6/2/42,1942,1940,9.8,9.6,8.5,7.8,10.5,ile,-1.745980285,25.03931362,1.612,23.42731362,0.273176378
sole,"16616_02, 1942",204,167,-122.436,47.79898,,Welander & class,6/2/42,1942,1940,9.8,9.6,8.5,7.8,10.5,nle,-6.356828039,22.25416137,-1.8188,24.07296137,1.216493458
sole,"16616_02, 1942",204,167,-122.436,47.79898,,Welander & class,6/2/42,1942,1940,9.8,9.6,8.5,7.8,10.5,pro,-0.738947368,23.6272807,7.083333333,16.54394737,0.823542551
sole,"16616_02, 1942",204,167,-122.436,47.79898,,Welander & class,6/2/42,1942,1940,9.8,9.6,8.5,7.8,10.5,thr,0.349213582,-6.412546915,-0.3156,-6.096946915,0.760911515
sole,"16616_02, 1942",204,167,-122.436,47.79898,,Welander & class,6/2/42,1942,1940,9.8,9.6,8.5,7.8,10.5,asp,0.705263158,18.38507018,0.377,18.00807018,1.354643249
sole,"16616_02, 1942",204,167,-122.436,47.79898,,Welander & class,6/2/42,1942,1940,9.8,9.6,8.5,7.8,10.5,ser,-4.218987952,16.08665462,-2.9922,19.07885462,0.867075737
sole,"16616_02, 1942",204,167,-122.436,47.79898,,Welander & class,6/2/42,1942,1940,9.8,9.6,8.5,7.8,10.5,glu,-2.440736035,25.9464027,-0.2294,26.1758027,0.293581902
sole,"16616_02, 1942",204,167,-122.436,47.79898,,Welander & class,6/2/42,1942,1940,9.8,9.6,8.5,7.8,10.5,phe,-1.888429354,8.713429354,-0.2492,8.962629354,0.177135541
sole,"4491_01, 1939",129,108,-122.4065,47.70962,,"Welander, Foster & class",4/25/39,1939,1930,8.6,7.1,6.6,7.4,9.4,ala,-1.022234392,22.98256773,-0.477,23.45956773,0.128593675
sole,"4491_01, 1939",129,108,-122.4065,47.70962,,"Welander, Foster & class",4/25/39,1939,1930,8.6,7.1,6.6,7.4,9.4,val,-3.233745893,24.26141256,-1.1396,25.40101256,1.461496607
sole,"4491_01, 1939",129,108,-122.4065,47.70962,,"Welander, Foster & class",4/25/39,1939,1930,8.6,7.1,6.6,7.4,9.4,leu,-1.366315789,23.72631579,1.859333333,21.86698246,1.362168859
sole,"4491_01, 1939",129,108,-122.4065,47.70962,,"Welander, Foster & class",4/25/39,1939,1930,8.6,7.1,6.6,7.4,9.4,ile,-2.182475356,20.21280869,1.612,18.60080869,4.958492647
sole,"4491_01, 1939",129,108,-122.4065,47.70962,,"Welander, Foster & class",4/25/39,1939,1930,8.6,7.1,6.6,7.4,9.4,nle,-7.946035049,26.67803505,-1.8188,28.49683505,0.215640905
sole,"4491_01, 1939",129,108,-122.4065,47.70962,,"Welander, Foster & class",4/25/39,1939,1930,8.6,7.1,6.6,7.4,9.4,pro,-0.923684211,14.99968421,7.083333333,7.916350877,0.748491149
sole,"4491_01, 1939",129,108,-122.4065,47.70962,,"Welander, Foster & class",4/25/39,1939,1930,8.6,7.1,6.6,7.4,9.4,thr,0.436516977,-7.770183644,-0.3156,-7.454583644,0.037018014
sole,"4491_01, 1939",129,108,-122.4065,47.70962,,"Welander, Foster & class",4/25/39,1939,1930,8.6,7.1,6.6,7.4,9.4,asp,0.881578947,13.40208772,0.377,13.02508772,2.838579633
sole,"4491_01, 1939",129,108,-122.4065,47.70962,,"Welander, Foster & class",4/25/39,1939,1930,8.6,7.1,6.6,7.4,9.4,ser,-5.27373494,10.36173494,-2.9922,13.35393494,0.975009744
sole,"4491_01, 1939",129,108,-122.4065,47.70962,,"Welander, Foster & class",4/25/39,1939,1930,8.6,7.1,6.6,7.4,9.4,glu,-3.050920044,25.99025338,-0.2294,26.21965338,0.102344191
sole,"4491_01, 1939",129,108,-122.4065,47.70962,,"Welander, Foster & class",4/25/39,1939,1930,8.6,7.1,6.6,7.4,9.4,phe,-2.360536692,9.231203359,-0.2492,9.480403359,5.45859234
sole,"4579_01,1939",125,105,-122.4112,47.67337,,Foster & Class,5/23/39,1939,1930,10.3,8.6,7.1,6.6,10.6,ala,-0.664452355,19.60545235,-0.477,20.08245235,0.254377672
sole,"4579_01,1939",125,105,-122.4112,47.67337,,Foster & Class,5/23/39,1939,1930,10.3,8.6,7.1,6.6,10.6,val,-2.10193483,21.64526816,-1.1396,22.78486816,0.534496336
sole,"4579_01,1939",125,105,-122.4112,47.67337,,Foster & Class,5/23/39,1939,1930,10.3,8.6,7.1,6.6,10.6,leu,-0.888105263,18.86777193,1.859333333,17.0084386,0.527035419
sole,"4579_01,1939",125,105,-122.4112,47.67337,,Foster & Class,5/23/39,1939,1930,10.3,8.6,7.1,6.6,10.6,ile,-1.418608981,20.11160898,1.612,18.49960898,0.099624294
sole,"4579_01,1939",125,105,-122.4112,47.67337,,Foster & Class,5/23/39,1939,1930,10.3,8.6,7.1,6.6,10.6,nle,-5.164922782,18.89392278,-1.8188,20.71272278,0.814826975
sole,"4579_01,1939",125,105,-122.4112,47.67337,,Foster & Class,5/23/39,1939,1930,10.3,8.6,7.1,6.6,10.6,pro,-0.600394737,20.43539474,7.083333333,13.3520614,0.316595957
sole,"4579_01,1939",125,105,-122.4112,47.67337,,Foster & Class,5/23/39,1939,1930,10.3,8.6,7.1,6.6,10.6,thr,0.283736035,-9.546402702,-0.3156,-9.230802702,0.187035647
sole,"4579_01,1939",125,105,-122.4112,47.67337,,Foster & Class,5/23/39,1939,1930,10.3,8.6,7.1,6.6,10.6,asp,0.573026316,15.56330702,0.377,15.18630702,0.603920801
sole,"4579_01,1939",125,105,-122.4112,47.67337,,Foster & Class,5/23/39,1939,1930,10.3,8.6,7.1,6.6,10.6,ser,-3.427927711,12.13026104,-2.9922,15.12246104,0.366977293
sole,"4579_01,1939",125,105,-122.4112,47.67337,,Foster & Class,5/23/39,1939,1930,10.3,8.6,7.1,6.6,10.6,glu,-1.983098028,21.96043136,-0.2294,22.18983136,0.295317343
sole,"4579_01,1939",125,105,-122.4112,47.67337,,Foster & Class,5/23/39,1939,1930,10.3,8.6,7.1,6.6,10.6,phe,-1.53434885,5.900682183,-0.2492,6.149882183,0.157975737
sole,"4925_02, 1941",172,141,-122.436,47.79898,,A. Welander & class,May 13 1941,1941,1940,11.4,10,9,8.2,10.3,ala,-0.306670318,23.31867032,-0.477,23.79567032,0.065574385
sole,"4925_02, 1941",172,141,-122.436,47.79898,,A. Welander & class,May 13 1941,1941,1940,11.4,10,9,8.2,10.3,val,-0.970123768,23.6524571,-1.1396,24.7920571,0.324049893
sole,"4925_02, 1941",172,141,-122.436,47.79898,,A. Welander & class,May 13 1941,1941,1940,11.4,10,9,8.2,10.3,leu,-0.409894737,21.76522807,1.859333333,19.90589474,0.359857379
sole,"4925_02, 1941",172,141,-122.436,47.79898,,A. Welander & class,May 13 1941,1941,1940,11.4,10,9,8.2,10.3,ile,-0.654742607,23.73807594,1.612,22.12607594,0.300335368
sole,"4925_02, 1941",172,141,-122.436,47.79898,,A. Welander & class,May 13 1941,1941,1940,11.4,10,9,8.2,10.3,nle,-2.383810515,14.67581051,-1.8188,16.49461051,4.015492
sole,"4925_02, 1941",172,141,-122.436,47.79898,,A. Welander & class,May 13 1941,1941,1940,11.4,10,9,8.2,10.3,pro,-0.277105263,20.45877193,7.083333333,13.3754386,0.849004319
sole,"4925_02, 1941",172,141,-122.436,47.79898,,A. Welander & class,May 13 1941,1941,1940,11.4,10,9,8.2,10.3,thr,0.130955093,-4.132955093,-0.3156,-3.817355093,0.545802162
sole,"4925_02, 1941",172,141,-122.436,47.79898,,A. Welander & class,May 13 1941,1941,1940,11.4,10,9,8.2,10.3,asp,0.264473684,19.04285965,0.377,18.66585965,0.458052763
sole,"4925_02, 1941",172,141,-122.436,47.79898,,A. Welander & class,May 13 1941,1941,1940,11.4,10,9,8.2,10.3,ser,-1.582120482,13.10312048,-2.9922,16.09532048,0.641542672
sole,"4925_02, 1941",172,141,-122.436,47.79898,,A. Welander & class,May 13 1941,1941,1940,11.4,10,9,8.2,10.3,glu,-0.915276013,25.01594268,-0.2294,25.24534268,0.391510323
sole,"4925_02, 1941",172,141,-122.436,47.79898,,A. Welander & class,May 13 1941,1941,1940,11.4,10,9,8.2,10.3,phe,-0.708161008,8.216161008,-0.2492,8.465361008,0.590386314
sole,"789_01, 1930",123,99,-122.4509,47.58291,,"Schultz, Suameta & Party",3/8/30,1930,1930,7.1,6.6,6.5,7.8,7.1,ala,-0.460005476,24.30600548,-0.477,24.78300548,0.156847059
sole,"789_01, 1930",123,99,-122.4509,47.58291,,"Schultz, Suameta & Party",3/8/30,1930,1930,7.1,6.6,6.5,7.8,7.1,val,-1.455185652,23.90851899,-1.1396,25.04811899,0.658310211
sole,"789_01, 1930",123,99,-122.4509,47.58291,,"Schultz, Suameta & Party",3/8/30,1930,1930,7.1,6.6,6.5,7.8,7.1,leu,-0.614842105,22.68817544,1.859333333,20.82884211,0.356659969
sole,"789_01, 1930",123,99,-122.4509,47.58291,,"Schultz, Suameta & Party",3/8/30,1930,1930,7.1,6.6,6.5,7.8,7.1,ile,-0.98211391,24.70278058,1.612,23.09078058,0.299206172
sole,"789_01, 1930",123,99,-122.4509,47.58291,,"Schultz, Suameta & Party",3/8/30,1930,1930,7.1,6.6,6.5,7.8,7.1,nle,-3.575715772,9.020049106,-1.8188,10.83884911,1.002173804
sole,"789_01, 1930",123,99,-122.4509,47.58291,,"Schultz, Suameta & Party",3/8/30,1930,1930,7.1,6.6,6.5,7.8,7.1,pro,-0.415657895,16.37699123,7.083333333,9.293657895,0.632930749
sole,"789_01, 1930",123,99,-122.4509,47.58291,,"Schultz, Suameta & Party",3/8/30,1930,1930,7.1,6.6,6.5,7.8,7.1,thr,0.19643264,-2.74243264,-0.3156,-2.42683264,0.371791608
sole,"789_01, 1930",123,99,-122.4509,47.58291,,"Schultz, Suameta & Party",3/8/30,1930,1930,7.1,6.6,6.5,7.8,7.1,asp,0.396710526,18.79195614,0.377,18.41495614,0.169458943
sole,"789_01, 1930",123,99,-122.4509,47.58291,,"Schultz, Suameta & Party",3/8/30,1930,1930,7.1,6.6,6.5,7.8,7.1,ser,-2.373180723,13.61051406,-2.9922,16.60271406,0.3190256
sole,"789_01, 1930",123,99,-122.4509,47.58291,,"Schultz, Suameta & Party",3/8/30,1930,1930,7.1,6.6,6.5,7.8,7.1,glu,-1.37291402,25.47224735,-0.2294,25.70164735,0.134537479
sole,"789_01, 1930",123,99,-122.4509,47.58291,,"Schultz, Suameta & Party",3/8/30,1930,1930,7.1,6.6,6.5,7.8,7.1,phe,-1.062241512,8.298241512,-0.2492,8.547441512,0.247515656
sole,,,,,,,,,,,,,,,,gly,NA,NA,NA,NA,NA
sole,,,,,,,,,,,,,,,,tyr,NA,NA,NA,NA,NA
sole,"151702_08, 2007",140,117,-122.9941,48.54748,,UW Marine Bio. 250 Class,17-Nov-07,2007,2000,9,10,11,11.6,9.29,ala,2.408105148,21.43289485,0.598,20.83489485,0.102805642
sole,"151702_08, 2007",140,117,-122.9941,48.54748,,UW Marine Bio. 250 Class,17-Nov-07,2007,2000,9,10,11,11.6,9.29,val,1.233176342,21.98182366,0.1294,21.85242366,0.704100135
sole,"151702_08, 2007",140,117,-122.9941,48.54748,,UW Marine Bio. 250 Class,17-Nov-07,2007,2000,9,10,11,11.6,9.29,leu,1.661686747,20.49797992,1.6222,18.87577992,0.150443788
sole,"151702_08, 2007",140,117,-122.9941,48.54748,,UW Marine Bio. 250 Class,17-Nov-07,2007,2000,9,10,11,11.6,9.29,ile,1.097316539,22.10801679,1.931,20.17701679,0.299436693
sole,"151702_08, 2007",140,117,-122.9941,48.54748,,UW Marine Bio. 250 Class,17-Nov-07,2007,2000,9,10,11,11.6,9.29,nle,2.023329682,11.13367032,-0.847,11.98067032,4.450502893
sole,"151702_08, 2007",140,117,-122.9941,48.54748,,UW Marine Bio. 250 Class,17-Nov-07,2007,2000,9,10,11,11.6,9.29,pro,2.209671413,21.97332859,6.0478,15.92552859,0.604552727
sole,"151702_08, 2007",140,117,-122.9941,48.54748,,UW Marine Bio. 250 Class,17-Nov-07,2007,2000,9,10,11,11.6,9.29,thr,1.979309967,-9.251976634,-0.6524,-8.599576634,0.794726578
sole,"151702_08, 2007",140,117,-122.9941,48.54748,,UW Marine Bio. 250 Class,17-Nov-07,2007,2000,9,10,11,11.6,9.29,asp,1.360032859,18.48730047,0.1006,18.38670047,0.731530132
sole,"151702_08, 2007",140,117,-122.9941,48.54748,,UW Marine Bio. 250 Class,17-Nov-07,2007,2000,9,10,11,11.6,9.29,ser,2.748828039,6.986838627,-0.0962,7.083038627,0.857077787
sole,"151702_08, 2007",140,117,-122.9941,48.54748,,UW Marine Bio. 250 Class,17-Nov-07,2007,2000,9,10,11,11.6,9.29,glu,2.209704272,21.55462906,1.2736,20.28102906,0.143074573
sole,"151702_08, 2007",140,117,-122.9941,48.54748,,UW Marine Bio. 250 Class,17-Nov-07,2007,2000,9,10,11,11.6,9.29,phe,2.979036145,4.898630522,1.5246,3.374030522,0.222090822
sole,"2269_02, 1932",126,107,-122.9941,48.54748,,Chapman & Delacy,July 31 1932,1932,1930,10.8,10.4,9.3,8.2,11.5,ala,0.722431544,21.38856846,0.598,20.79056846,0.101533246
sole,"2269_02, 1932",126,107,-122.9941,48.54748,,Chapman & Delacy,July 31 1932,1932,1930,10.8,10.4,9.3,8.2,11.5,val,0.369952903,20.62538043,0.1294,20.49598043,0.366789222
sole,"2269_02, 1932",126,107,-122.9941,48.54748,,Chapman & Delacy,July 31 1932,1932,1930,10.8,10.4,9.3,8.2,11.5,leu,0.498506024,19.09882731,1.6222,17.47662731,0.138276293
sole,"2269_02, 1932",126,107,-122.9941,48.54748,,Chapman & Delacy,July 31 1932,1932,1930,10.8,10.4,9.3,8.2,11.5,ile,0.329194962,20.90647171,1.931,18.97547171,0.320992731
sole,"2269_02, 1932",126,107,-122.9941,48.54748,,Chapman & Delacy,July 31 1932,1932,1930,10.8,10.4,9.3,8.2,11.5,nle,0.606998905,7.439667762,-0.847,8.286667762,5.336568311
sole,"2269_02, 1932",126,107,-122.9941,48.54748,,Chapman & Delacy,July 31 1932,1932,1930,10.8,10.4,9.3,8.2,11.5,pro,0.662901424,21.28976524,6.0478,15.24196524,1.066255285
sole,"2269_02, 1932",126,107,-122.9941,48.54748,,Chapman & Delacy,July 31 1932,1932,1930,10.8,10.4,9.3,8.2,11.5,thr,0.59379299,0.22020701,-0.6524,0.87260701,0.600742873
sole,"2269_02, 1932",126,107,-122.9941,48.54748,,Chapman & Delacy,July 31 1932,1932,1930,10.8,10.4,9.3,8.2,11.5,asp,0.408009858,18.62765681,0.1006,18.52705681,0.447294459
sole,"2269_02, 1932",126,107,-122.9941,48.54748,,Chapman & Delacy,July 31 1932,1932,1930,10.8,10.4,9.3,8.2,11.5,ser,0.824648412,5.219018255,-0.0962,5.315218255,1.249313945
sole,"2269_02, 1932",126,107,-122.9941,48.54748,,Chapman & Delacy,July 31 1932,1932,1930,10.8,10.4,9.3,8.2,11.5,glu,0.662911281,22.24142205,1.2736,20.96782205,0.263051959
sole,"2269_02, 1932",126,107,-122.9941,48.54748,,Chapman & Delacy,July 31 1932,1932,1930,10.8,10.4,9.3,8.2,11.5,phe,0.893710843,5.788289157,1.5246,4.263689157,1.049251638
sole,"477_01, 1930",122,103,-122.9941,48.54748,,Schultz & Markus,July 13 1930,1930,1930,10.6,10,9.3,8.2,10.8,ala,1.926484118,23.45151588,0.598,22.85351588,0.092967736
sole,"477_01, 1930",122,103,-122.9941,48.54748,,Schultz & Markus,July 13 1930,1930,1930,10.6,10,9.3,8.2,10.8,val,0.986541073,21.82912559,0.1294,21.69972559,0.098434411
sole,"477_01, 1930",122,103,-122.9941,48.54748,,Schultz & Markus,July 13 1930,1930,1930,10.6,10,9.3,8.2,10.8,leu,1.329349398,20.69398394,1.6222,19.07178394,0.257224286
sole,"477_01, 1930",122,103,-122.9941,48.54748,,Schultz & Markus,July 13 1930,1930,1930,10.6,10,9.3,8.2,10.8,ile,0.877853231,22.2914801,1.931,20.3604801,0.414442195
sole,"477_01, 1930",122,103,-122.9941,48.54748,,Schultz & Markus,July 13 1930,1930,1930,10.6,10,9.3,8.2,10.8,nle,1.618663746,11.64900292,-0.847,12.49600292,0.113513582
sole,"477_01, 1930",122,103,-122.9941,48.54748,,Schultz & Markus,July 13 1930,1930,1930,10.6,10,9.3,8.2,10.8,pro,1.76773713,27.7165962,6.0478,21.6687962,4.505734272
sole,"477_01, 1930",122,103,-122.9941,48.54748,,Schultz & Markus,July 13 1930,1930,1930,10.6,10,9.3,8.2,10.8,thr,1.583447974,-0.57811464,-0.6524,0.07428536,0.405878471
sole,"477_01, 1930",122,103,-122.9941,48.54748,,Schultz & Markus,July 13 1930,1930,1930,10.6,10,9.3,8.2,10.8,asp,1.088026287,19.05897371,0.1006,18.95837371,0.294353529
sole,"477_01, 1930",122,103,-122.9941,48.54748,,Schultz & Markus,July 13 1930,1930,1930,10.6,10,9.3,8.2,10.8,ser,2.199062432,7.931604235,-0.0962,8.027804235,0.645887245
sole,"477_01, 1930",122,103,-122.9941,48.54748,,Schultz & Markus,July 13 1930,1930,1930,10.6,10,9.3,8.2,10.8,glu,1.767763417,23.03490325,1.2736,21.76130325,0.286573434
sole,"477_01, 1930",122,103,-122.9941,48.54748,,Schultz & Markus,July 13 1930,1930,1930,10.6,10,9.3,8.2,10.8,phe,2.383228916,5.553104418,1.5246,4.028504418,0.433915122
sole,"5441_01, 1946",180,152,-122.436,47.79898,,A. Delacy & Pty,8-Nov-46,1946,1940,8.1,9.4,10.3,10.8,8.1,ala,1.083647317,23.60835268,0.598,23.01035268,0.139474012
sole,"5441_01, 1946",180,152,-122.436,47.79898,,A. Delacy & Pty,8-Nov-46,1946,1940,8.1,9.4,10.3,10.8,8.1,val,0.554929354,23.15273731,0.1294,23.02333731,0.63846091
sole,"5441_01, 1946",180,152,-122.436,47.79898,,A. Delacy & Pty,8-Nov-46,1946,1940,8.1,9.4,10.3,10.8,8.1,leu,0.747759036,22.03624096,1.6222,20.41404096,0.381422338
sole,"5441_01, 1946",180,152,-122.436,47.79898,,A. Delacy & Pty,8-Nov-46,1946,1940,8.1,9.4,10.3,10.8,8.1,ile,0.493792442,23.06287422,1.931,21.13187422,0.183500227
sole,"5441_01, 1946",180,152,-122.436,47.79898,,A. Delacy & Pty,8-Nov-46,1946,1940,8.1,9.4,10.3,10.8,8.1,nle,0.910498357,9.539834976,-0.847,10.38683498,6.232996256
sole,"5441_01, 1946",180,152,-122.436,47.79898,,A. Delacy & Pty,8-Nov-46,1946,1940,8.1,9.4,10.3,10.8,8.1,pro,0.994352136,20.95631453,6.0478,14.90851453,0.768040581
sole,"5441_01, 1946",180,152,-122.436,47.79898,,A. Delacy & Pty,8-Nov-46,1946,1940,8.1,9.4,10.3,10.8,8.1,thr,0.890689485,-1.474356152,-0.6524,-0.821956152,0.638188321
sole,"5441_01, 1946",180,152,-122.436,47.79898,,A. Delacy & Pty,8-Nov-46,1946,1940,8.1,9.4,10.3,10.8,8.1,asp,0.612014786,20.18865188,0.1006,20.08805188,0.269184571
sole,"5441_01, 1946",180,152,-122.436,47.79898,,A. Delacy & Pty,8-Nov-46,1946,1940,8.1,9.4,10.3,10.8,8.1,ser,1.236972618,8.362694049,-0.0962,8.458894049,0.430163147
sole,"5441_01, 1946",180,152,-122.436,47.79898,,A. Delacy & Pty,8-Nov-46,1946,1940,8.1,9.4,10.3,10.8,8.1,glu,0.994366922,23.44129974,1.2736,22.16769974,0.222147098
sole,"5441_01, 1946",180,152,-122.436,47.79898,,A. Delacy & Pty,8-Nov-46,1946,1940,8.1,9.4,10.3,10.8,8.1,phe,1.340566265,5.610433735,1.5246,4.085833735,0.45582014
sole,"5523_01, 1947",179,146,-122.436,47.79898,,Delacy & Party,18-Aug-47,1947,1940,10.9,10.6,10.4,9.5,10.8,ala,1.565268346,23.52306499,0.598,22.92506499,0.052290853
sole,"5523_01, 1947",179,146,-122.436,47.79898,,Delacy & Party,18-Aug-47,1947,1940,10.9,10.6,10.4,9.5,10.8,val,0.801564622,24.52676871,0.1294,24.39736871,0.794987631
sole,"5523_01, 1947",179,146,-122.436,47.79898,,Delacy & Party,18-Aug-47,1947,1940,10.9,10.6,10.4,9.5,10.8,leu,1.080096386,22.78523695,1.6222,21.16303695,0.177781701
sole,"5523_01, 1947",179,146,-122.436,47.79898,,Delacy & Party,18-Aug-47,1947,1940,10.9,10.6,10.4,9.5,10.8,ile,0.71325575,24.38041092,1.931,22.44941092,0.174700696
sole,"5523_01, 1947",179,146,-122.436,47.79898,,Delacy & Party,18-Aug-47,1947,1940,10.9,10.6,10.4,9.5,10.8,nle,1.315164294,10.22250237,-0.847,11.06950237,4.291056902
sole,"5523_01, 1947",179,146,-122.436,47.79898,,Delacy & Party,18-Aug-47,1947,1940,10.9,10.6,10.4,9.5,10.8,pro,1.436286418,20.64704691,6.0478,14.59924691,1.120226019
sole,"5523_01, 1947",179,146,-122.436,47.79898,,Delacy & Party,18-Aug-47,1947,1940,10.9,10.6,10.4,9.5,10.8,thr,1.286551479,-2.186218145,-0.6524,-1.533818145,2.108634708
sole,"5523_01, 1947",179,146,-122.436,47.79898,,Delacy & Party,18-Aug-47,1947,1940,10.9,10.6,10.4,9.5,10.8,asp,0.884021358,20.51964531,0.1006,20.41904531,0.085330729
sole,"5523_01, 1947",179,146,-122.436,47.79898,,Delacy & Party,18-Aug-47,1947,1940,10.9,10.6,10.4,9.5,10.8,ser,1.786738226,7.081928441,-0.0962,7.178128441,0.829749561
sole,"5523_01, 1947",179,146,-122.436,47.79898,,Delacy & Party,18-Aug-47,1947,1940,10.9,10.6,10.4,9.5,10.8,glu,1.436307777,23.93535889,1.2736,22.66175889,0.043924177
sole,"5523_01, 1947",179,146,-122.436,47.79898,,Delacy & Party,18-Aug-47,1947,1940,10.9,10.6,10.4,9.5,10.8,phe,1.936373494,6.243293173,1.5246,4.718693173,0.216472477
sole,,,,,,,,,,,,,,,,gly,NA,NA,NA,NA,NA
sole,,,,,,,,,,,,,,,,tyr,NA,NA,NA,NA,NA
sole,"026118_01, 1989",170,139,-122.6472,47.5463,,,1/13/89,1989,1980,7,7.9,8.7,9.6,7.4,ala,1.563424425,24.67224224,0.3996,24.27264224,0.279618192
sole,"026118_01, 1989",170,139,-122.6472,47.5463,,,1/13/89,1989,1980,7,7.9,8.7,9.6,7.4,val,1.591432092,23.33490124,0.568,22.76690124,0.586510301
sole,"026118_01, 1989",170,139,-122.6472,47.5463,,,1/13/89,1989,1980,7,7.9,8.7,9.6,7.4,leu,1.226684556,21.36864878,1.6652,19.70344878,0.128539229
sole,"026118_01, 1989",170,139,-122.6472,47.5463,,,1/13/89,1989,1980,7,7.9,8.7,9.6,7.4,ile,0.63455805,21.82210862,2.0246,19.79750862,0.468643077
sole,"026118_01, 1989",170,139,-122.6472,47.5463,,,1/13/89,1989,1980,7,7.9,8.7,9.6,7.4,nle,0.756384995,9.881615005,-0.8192,10.70081501,0.415909846
sole,"026118_01, 1989",170,139,-122.6472,47.5463,,,1/13/89,1989,1980,7,7.9,8.7,9.6,7.4,pro,0.776013143,23.82932019,5.741,18.08832019,0.246982456
sole,"026118_01, 1989",170,139,-122.6472,47.5463,,,1/13/89,1989,1980,7,7.9,8.7,9.6,7.4,thr,0.767939759,-7.173939759,-0.5434,-6.630539759,0.52278772
sole,"026118_01, 1989",170,139,-122.6472,47.5463,,,1/13/89,1989,1980,7,7.9,8.7,9.6,7.4,asp,1.841194414,21.48380559,0.7622,20.72160559,0.483841916
sole,"026118_01, 1989",170,139,-122.6472,47.5463,,,1/13/89,1989,1980,7,7.9,8.7,9.6,7.4,ser,1.273971522,9.547028478,-0.1806,9.727628478,0.089866568
sole,"026118_01, 1989",170,139,-122.6472,47.5463,,,1/13/89,1989,1980,7,7.9,8.7,9.6,7.4,glu,0.721464403,26.76620226,0.8108,25.95540226,0.087409
sole,"026118_01, 1989",170,139,-122.6472,47.5463,,,1/13/89,1989,1980,7,7.9,8.7,9.6,7.4,phe,0.884099671,8.167900329,1.3362,6.831700329,0.640921992
sole,"110373_07, 1992",194,162,-122.5249,48.04189,,WDF,9-May-92,1992,1990,10.2,9.5,9.5,8.1,9.7,ala,2.405268346,23.35739832,0.3996,22.95779832,0.17350024
sole,"110373_07, 1992",194,162,-122.5249,48.04189,,WDF,9-May-92,1992,1990,10.2,9.5,9.5,8.1,9.7,val,2.448357065,20.1443096,0.568,19.5763096,0.131515525
sole,"110373_07, 1992",194,162,-122.5249,48.04189,,WDF,9-May-92,1992,1990,10.2,9.5,9.5,8.1,9.7,leu,1.88720701,20.76112632,1.6652,19.09592632,0.164482015
sole,"110373_07, 1992",194,162,-122.5249,48.04189,,WDF,9-May-92,1992,1990,10.2,9.5,9.5,8.1,9.7,ile,0.976243154,22.24442351,2.0246,20.21982351,0.211095555
sole,"110373_07, 1992",194,162,-122.5249,48.04189,,WDF,9-May-92,1992,1990,10.2,9.5,9.5,8.1,9.7,nle,1.163669222,11.53499744,-0.8192,12.35419744,0.436101288
sole,"110373_07, 1992",194,162,-122.5249,48.04189,,WDF,9-May-92,1992,1990,10.2,9.5,9.5,8.1,9.7,pro,1.193866375,19.96680029,5.741,14.22580029,0.063358767
sole,"110373_07, 1992",194,162,-122.5249,48.04189,,WDF,9-May-92,1992,1990,10.2,9.5,9.5,8.1,9.7,thr,1.181445783,-4.99411245,-0.5434,-4.45071245,2.154244492
sole,"110373_07, 1992",194,162,-122.5249,48.04189,,WDF,9-May-92,1992,1990,10.2,9.5,9.5,8.1,9.7,asp,2.832606791,17.20339321,0.7622,16.44119321,0.690743802
sole,"110373_07, 1992",194,162,-122.5249,48.04189,,WDF,9-May-92,1992,1990,10.2,9.5,9.5,8.1,9.7,ser,1.959956188,7.834377145,-0.1806,8.014977145,2.087971583
sole,"110373_07, 1992",194,162,-122.5249,48.04189,,WDF,9-May-92,1992,1990,10.2,9.5,9.5,8.1,9.7,glu,1.109945235,24.25105476,0.8108,23.44025476,0.045210618
sole,"110373_07, 1992",194,162,-122.5249,48.04189,,WDF,9-May-92,1992,1990,10.2,9.5,9.5,8.1,9.7,phe,1.360153341,5.615513326,1.3362,4.279313326,0.66194738
sole,"112208_01, 1993",138,117,-122.5022,47.66807,,S. Meyers,15-Oct-93,1993,1990,10.7,12.1,12.1,11.8,9.9,ala,1.924214677,22.82845199,0.3996,22.42885199,0.188107239
sole,"112208_01, 1993",138,117,-122.5022,47.66807,,S. Meyers,15-Oct-93,1993,1990,10.7,12.1,12.1,11.8,9.9,val,1.958685652,21.52964768,0.568,20.96164768,0.098844997
sole,"112208_01, 1993",138,117,-122.5022,47.66807,,S. Meyers,15-Oct-93,1993,1990,10.7,12.1,12.1,11.8,9.9,leu,1.509765608,21.10723439,1.6652,19.44203439,0.230462578
sole,"112208_01, 1993",138,117,-122.5022,47.66807,,S. Meyers,15-Oct-93,1993,1990,10.7,12.1,12.1,11.8,9.9,ile,0.780994524,22.65467214,2.0246,20.63007214,0.35550293
sole,"112208_01, 1993",138,117,-122.5022,47.66807,,S. Meyers,15-Oct-93,1993,1990,10.7,12.1,12.1,11.8,9.9,nle,0.930935378,11.42806462,-0.8192,12.24726462,0.934191094
sole,"112208_01, 1993",138,117,-122.5022,47.66807,,S. Meyers,15-Oct-93,1993,1990,10.7,12.1,12.1,11.8,9.9,pro,0.9550931,17.37157357,5.741,11.63057357,0.567297394
sole,"112208_01, 1993",138,117,-122.5022,47.66807,,S. Meyers,15-Oct-93,1993,1990,10.7,12.1,12.1,11.8,9.9,thr,0.945156627,-2.167823293,-0.5434,-1.624423293,0.687878138
sole,"112208_01, 1993",138,117,-122.5022,47.66807,,S. Meyers,15-Oct-93,1993,1990,10.7,12.1,12.1,11.8,9.9,asp,2.266085433,17.26091457,0.7622,16.49871457,0.137127678
sole,"112208_01, 1993",138,117,-122.5022,47.66807,,S. Meyers,15-Oct-93,1993,1990,10.7,12.1,12.1,11.8,9.9,ser,1.567964951,9.854368383,-0.1806,10.03496838,3.17302952
sole,"112208_01, 1993",138,117,-122.5022,47.66807,,S. Meyers,15-Oct-93,1993,1990,10.7,12.1,12.1,11.8,9.9,glu,0.887956188,24.40371048,0.8108,23.59291048,0.681910062
sole,"112208_01, 1993",138,117,-122.5022,47.66807,,S. Meyers,15-Oct-93,1993,1990,10.7,12.1,12.1,11.8,9.9,phe,1.088122673,6.381543994,1.3362,5.045343994,0.246043357
sole,"119958, 2008",194,170,-122.9941,48.54748,HAUL 2,UW/SAFS/MARINE BIO,4-Oct-08,2008,2000,10.14,11.16,11.3,10.84,10,ala,1.082370756,24.37529591,0.3996,23.97569591,0.251766426
sole,"119958, 2008",194,170,-122.9941,48.54748,HAUL 2,UW/SAFS/MARINE BIO,4-Oct-08,2008,2000,10.14,11.16,11.3,10.84,10,val,1.101760679,24.05090599,0.568,23.48290599,0.060343461
sole,"119958, 2008",194,170,-122.9941,48.54748,HAUL 2,UW/SAFS/MARINE BIO,4-Oct-08,2008,2000,10.14,11.16,11.3,10.84,10,leu,0.849243154,23.49509018,1.6652,21.82989018,0.148917203
sole,"119958, 2008",194,170,-122.9941,48.54748,HAUL 2,UW/SAFS/MARINE BIO,4-Oct-08,2008,2000,10.14,11.16,11.3,10.84,10,ile,0.439309419,24.69635725,2.0246,22.67175725,0.454335045
sole,"119958, 2008",194,170,-122.9941,48.54748,HAUL 2,UW/SAFS/MARINE BIO,4-Oct-08,2008,2000,10.14,11.16,11.3,10.84,10,nle,0.52365115,12.37934885,-0.8192,13.19854885,0.352220102
sole,"119958, 2008",194,170,-122.9941,48.54748,HAUL 2,UW/SAFS/MARINE BIO,4-Oct-08,2008,2000,10.14,11.16,11.3,10.84,10,pro,0.537239869,22.53809346,5.741,16.79709346,0.494200701
sole,"119958, 2008",194,170,-122.9941,48.54748,HAUL 2,UW/SAFS/MARINE BIO,4-Oct-08,2008,2000,10.14,11.16,11.3,10.84,10,thr,0.531650602,-8.652983936,-0.5434,-8.109583936,0.447361524
sole,"119958, 2008",194,170,-122.9941,48.54748,HAUL 2,UW/SAFS/MARINE BIO,4-Oct-08,2008,2000,10.14,11.16,11.3,10.84,10,asp,1.274673056,18.77866028,0.7622,18.01646028,0.12308669
sole,"119958, 2008",194,170,-122.9941,48.54748,HAUL 2,UW/SAFS/MARINE BIO,4-Oct-08,2008,2000,10.14,11.16,11.3,10.84,10,ser,0.881980285,10.14968638,-0.1806,10.33028638,1.43140013
sole,"119958, 2008",194,170,-122.9941,48.54748,HAUL 2,UW/SAFS/MARINE BIO,4-Oct-08,2008,2000,10.14,11.16,11.3,10.84,10,glu,0.499475356,24.21919131,0.8108,23.40839131,0.031085902
sole,"119958, 2008",194,170,-122.9941,48.54748,HAUL 2,UW/SAFS/MARINE BIO,4-Oct-08,2008,2000,10.14,11.16,11.3,10.84,10,phe,0.612069003,5.650597663,1.3362,4.314397663,0.165194834
sole,"48351_04, 1984",162,134,-122.4258,47.67915,,Steven Leipertz,4/17/84,1984,1980,9,8.4,7.8,7.5,10,ala,0.721580504,23.04408616,0.3996,22.64448616,0.354604474
sole,"48351_04, 1984",162,134,-122.4258,47.67915,,Steven Leipertz,4/17/84,1984,1980,9,8.4,7.8,7.5,10,val,0.734507119,22.42882621,0.568,21.86082621,0.562249352
sole,"48351_04, 1984",162,134,-122.4258,47.67915,,Steven Leipertz,4/17/84,1984,1980,9,8.4,7.8,7.5,10,leu,0.566162103,20.6898379,1.6652,19.0246379,0.64614859
sole,"48351_04, 1984",162,134,-122.4258,47.67915,,Steven Leipertz,4/17/84,1984,1980,9,8.4,7.8,7.5,10,ile,0.292872946,21.08746039,2.0246,19.06286039,0.623682879
sole,"48351_04, 1984",162,134,-122.4258,47.67915,,Steven Leipertz,4/17/84,1984,1980,9,8.4,7.8,7.5,10,nle,0.349100767,17.28789923,-0.8192,18.10709923,0.868502735
sole,"48351_04, 1984",162,134,-122.4258,47.67915,,Steven Leipertz,4/17/84,1984,1980,9,8.4,7.8,7.5,10,pro,0.358159912,20.60684009,5.741,14.86584009,0.568239386
sole,"48351_04, 1984",162,134,-122.4258,47.67915,,Steven Leipertz,4/17/84,1984,1980,9,8.4,7.8,7.5,10,thr,0.354433735,-10.70643373,-0.5434,-10.16303373,0.080293213
sole,"48351_04, 1984",162,134,-122.4258,47.67915,,Steven Leipertz,4/17/84,1984,1980,9,8.4,7.8,7.5,10,asp,0.849782037,18.88488463,0.7622,18.12268463,0.266503909
sole,"48351_04, 1984",162,134,-122.4258,47.67915,,Steven Leipertz,4/17/84,1984,1980,9,8.4,7.8,7.5,10,ser,0.587986857,6.31767981,-0.1806,6.49827981,4.426295328
sole,"48351_04, 1984",162,134,-122.4258,47.67915,,Steven Leipertz,4/17/84,1984,1980,9,8.4,7.8,7.5,10,glu,0.332983571,23.4946831,0.8108,22.6838831,0.108969415
sole,"48351_04, 1984",162,134,-122.4258,47.67915,,Steven Leipertz,4/17/84,1984,1980,9,8.4,7.8,7.5,10,phe,0.408046002,6.625953998,1.3362,5.289753998,0.555122509
sole,,,,,,,,,,,,,,,,gly,NA,NA,NA,NA,NA
sole,,,,,,,,,,,,,,,,tyr,NA,NA,NA,NA,NA
sole,"048602_01, 88",187,158,-122.4509,47.58291,,R. Donnelly,11/7/88,1988,1980,8.7,9.6,10.6,11.4,9,ala,1.145338445,23.75232822,0.4526,23.29972822,0.097572195
sole,"048602_01, 88",187,158,-122.4509,47.58291,,R. Donnelly,11/7/88,1988,1980,8.7,9.6,10.6,11.4,9,val,1.135492333,22.82350767,0.4248,22.39870767,0.433718803
sole,"048602_01, 88",187,158,-122.4509,47.58291,,R. Donnelly,11/7/88,1988,1980,8.7,9.6,10.6,11.4,9,leu,0.513008762,21.51032457,1.3558,20.15452457,0.372367202
sole,"048602_01, 88",187,158,-122.4509,47.58291,,R. Donnelly,11/7/88,1988,1980,8.7,9.6,10.6,11.4,9,ile,0.207288061,23.08404527,1.6186,21.46544527,0.282347894
sole,"048602_01, 88",187,158,-122.4509,47.58291,,R. Donnelly,11/7/88,1988,1980,8.7,9.6,10.6,11.4,9,nle,-1.961540526,13.41954053,-2.1706,15.59014053,2.27327781
sole,"048602_01, 88",187,158,-122.4509,47.58291,,R. Donnelly,11/7/88,1988,1980,8.7,9.6,10.6,11.4,9,pro,1.002829682,19.06550365,6.2574,12.80810365,0.410066255
sole,"048602_01, 88",187,158,-122.4509,47.58291,,R. Donnelly,11/7/88,1988,1980,8.7,9.6,10.6,11.4,9,thr,0.030506572,-8.432173238,-0.841,-7.591173238,0.542955185
sole,"048602_01, 88",187,158,-122.4509,47.58291,,R. Donnelly,11/7/88,1988,1980,8.7,9.6,10.6,11.4,9,asp,1.743253012,18.48341365,0.52,17.96341365,0.221698745
sole,"048602_01, 88",187,158,-122.4509,47.58291,,R. Donnelly,11/7/88,1988,1980,8.7,9.6,10.6,11.4,9,ser,-0.061105696,9.558439029,-1.4288,10.98723903,0.644007246
sole,"048602_01, 88",187,158,-122.4509,47.58291,,R. Donnelly,11/7/88,1988,1980,8.7,9.6,10.6,11.4,9,glu,1.048144578,24.10318876,1.0994,23.00378876,0.274685881
sole,"048602_01, 88",187,158,-122.4509,47.58291,,R. Donnelly,11/7/88,1988,1980,8.7,9.6,10.6,11.4,9,phe,0.814180175,6.195819825,0.7786,5.417219825,0.276224546
sole,"10394_02, 1952",142,116,-122.4045,47.91081,,Oncorhynchus,9-Jun-52,1952,1950,9.6,9,8.2,7.6,10.2,ala,0.528617744,19.59804892,0.4526,19.14544892,0.193897739
sole,"10394_02, 1952",142,116,-122.4045,47.91081,,Oncorhynchus,9-Jun-52,1952,1950,9.6,9,8.2,7.6,10.2,val,0.524073384,19.64559328,0.4248,19.22079328,0.330606009
sole,"10394_02, 1952",142,116,-122.4045,47.91081,,Oncorhynchus,9-Jun-52,1952,1950,9.6,9,8.2,7.6,10.2,leu,0.236773275,17.75189339,1.3558,16.39609339,0.228303161
sole,"10394_02, 1952",142,116,-122.4045,47.91081,,Oncorhynchus,9-Jun-52,1952,1950,9.6,9,8.2,7.6,10.2,ile,0.095671413,19.58032859,1.6186,17.96172859,0.438945327
sole,"10394_02, 1952",142,116,-122.4045,47.91081,,Oncorhynchus,9-Jun-52,1952,1950,9.6,9,8.2,7.6,10.2,nle,-0.905326396,12.7033264,-2.1706,14.8739264,1.554423687
sole,"10394_02, 1952",142,116,-122.4045,47.91081,,Oncorhynchus,9-Jun-52,1952,1950,9.6,9,8.2,7.6,10.2,pro,0.462844469,20.0148222,6.2574,13.7574222,0.066665833
sole,"10394_02, 1952",142,116,-122.4045,47.91081,,Oncorhynchus,9-Jun-52,1952,1950,9.6,9,8.2,7.6,10.2,thr,0.014079956,-0.347079956,-0.841,0.493920044,0.942099252
sole,"10394_02, 1952",142,116,-122.4045,47.91081,,Oncorhynchus,9-Jun-52,1952,1950,9.6,9,8.2,7.6,10.2,asp,0.804578313,20.85475502,0.52,20.33475502,0.328271737
sole,"10394_02, 1952",142,116,-122.4045,47.91081,,Oncorhynchus,9-Jun-52,1952,1950,9.6,9,8.2,7.6,10.2,ser,-0.028202629,10.90120263,-1.4288,12.33000263,3.94656927
sole,"10394_02, 1952",142,116,-122.4045,47.91081,,Oncorhynchus,9-Jun-52,1952,1950,9.6,9,8.2,7.6,10.2,glu,0.483759036,20.9205743,1.0994,19.8211743,0.275935379
sole,"10394_02, 1952",142,116,-122.4045,47.91081,,Oncorhynchus,9-Jun-52,1952,1950,9.6,9,8.2,7.6,10.2,phe,0.375775465,6.843557868,0.7786,6.064957868,0.575462712
sole,"110373_02, 92",164,134,-122.5249,48.04189,,WDF,9-May-92,1992,1990,10.2,9.5,9.5,8.1,9.7,ala,1.409647317,24.24935268,0.4526,23.79675268,0.345512663
sole,"110373_02, 92",164,134,-122.5249,48.04189,,WDF,9-May-92,1992,1990,10.2,9.5,9.5,8.1,9.7,val,1.397529025,22.09213764,0.4248,21.66733764,0.322580739
sole,"110373_02, 92",164,134,-122.5249,48.04189,,WDF,9-May-92,1992,1990,10.2,9.5,9.5,8.1,9.7,leu,0.6313954,22.43727127,1.3558,21.08147127,0.384910812
sole,"110373_02, 92",164,134,-122.5249,48.04189,,WDF,9-May-92,1992,1990,10.2,9.5,9.5,8.1,9.7,ile,0.255123768,23.62787623,1.6186,22.00927623,0.580965576
sole,"110373_02, 92",164,134,-122.5249,48.04189,,WDF,9-May-92,1992,1990,10.2,9.5,9.5,8.1,9.7,nle,-2.414203724,12.23620372,-2.1706,14.40680372,7.156641391
sole,"110373_02, 92",164,134,-122.5249,48.04189,,WDF,9-May-92,1992,1990,10.2,9.5,9.5,8.1,9.7,pro,1.234251917,19.24674808,6.2574,12.98934808,0.346602077
sole,"110373_02, 92",164,134,-122.5249,48.04189,,WDF,9-May-92,1992,1990,10.2,9.5,9.5,8.1,9.7,thr,0.03754655,-7.241879883,-0.841,-6.400879883,0.859594284
sole,"110373_02, 92",164,134,-122.5249,48.04189,,WDF,9-May-92,1992,1990,10.2,9.5,9.5,8.1,9.7,asp,2.145542169,18.29845783,0.52,17.77845783,0.616872758
sole,"110373_02, 92",164,134,-122.5249,48.04189,,WDF,9-May-92,1992,1990,10.2,9.5,9.5,8.1,9.7,ser,-0.07520701,8.84620701,-1.4288,10.27500701,1.364598109
sole,"110373_02, 92",164,134,-122.5249,48.04189,,WDF,9-May-92,1992,1990,10.2,9.5,9.5,8.1,9.7,glu,1.290024096,24.25530924,1.0994,23.15590924,0.182237025
sole,"110373_02, 92",164,134,-122.5249,48.04189,,WDF,9-May-92,1992,1990,10.2,9.5,9.5,8.1,9.7,phe,1.002067908,4.516932092,0.7786,3.738332092,0.057974132
sole,"151702_06, 2007",164,137,-122.9941,48.54748,,UW Marine Bio. 250 Class,17-Nov-07,2007,2000,9,10,11,11.6,9.29,ala,0.792926616,24.12707338,0.4526,23.67447338,0.055344376
sole,"151702_06, 2007",164,137,-122.9941,48.54748,,UW Marine Bio. 250 Class,17-Nov-07,2007,2000,9,10,11,11.6,9.29,val,0.786110077,23.29822326,0.4248,22.87342326,0.55088323
sole,"151702_06, 2007",164,137,-122.9941,48.54748,,UW Marine Bio. 250 Class,17-Nov-07,2007,2000,9,10,11,11.6,9.29,leu,0.355159912,23.39317342,1.3558,22.03737342,0.341895208
sole,"151702_06, 2007",164,137,-122.9941,48.54748,,UW Marine Bio. 250 Class,17-Nov-07,2007,2000,9,10,11,11.6,9.29,ile,0.143507119,25.76182621,1.6186,24.14322621,0.390392537
sole,"151702_06, 2007",164,137,-122.9941,48.54748,,UW Marine Bio. 250 Class,17-Nov-07,2007,2000,9,10,11,11.6,9.29,nle,-1.357989595,11.26798959,-2.1706,13.43858959,3.93367627
sole,"151702_06, 2007",164,137,-122.9941,48.54748,,UW Marine Bio. 250 Class,17-Nov-07,2007,2000,9,10,11,11.6,9.29,pro,0.694266703,20.38339996,6.2574,14.12599996,0.197970537
sole,"151702_06, 2007",164,137,-122.9941,48.54748,,UW Marine Bio. 250 Class,17-Nov-07,2007,2000,9,10,11,11.6,9.29,thr,0.021119934,-8.591453268,-0.841,-7.750453268,0.472738123
sole,"151702_06, 2007",164,137,-122.9941,48.54748,,UW Marine Bio. 250 Class,17-Nov-07,2007,2000,9,10,11,11.6,9.29,asp,1.20686747,18.98313253,0.52,18.46313253,0.2305385
sole,"151702_06, 2007",164,137,-122.9941,48.54748,,UW Marine Bio. 250 Class,17-Nov-07,2007,2000,9,10,11,11.6,9.29,ser,-0.042303943,9.188637276,-1.4288,10.61743728,0.839459548
sole,"151702_06, 2007",164,137,-122.9941,48.54748,,UW Marine Bio. 250 Class,17-Nov-07,2007,2000,9,10,11,11.6,9.29,glu,0.725638554,24.53269478,1.0994,23.43329478,0.112646941
sole,"151702_06, 2007",164,137,-122.9941,48.54748,,UW Marine Bio. 250 Class,17-Nov-07,2007,2000,9,10,11,11.6,9.29,phe,0.563663198,4.137670135,0.7786,3.359070135,0.095080668
sole,"151702_07, 2007",134,111,-122.9941,48.54748,,UW Marine Bio. 250 Class,17-Nov-07,2007,2000,9,10,11,11.6,9.29,ala,1.762059146,24.52494085,0.4526,24.07234085,0.250501497
sole,"151702_07, 2007",134,111,-122.9941,48.54748,,UW Marine Bio. 250 Class,17-Nov-07,2007,2000,9,10,11,11.6,9.29,val,1.746911281,24.04508872,0.4248,23.62028872,0.084480767
sole,"151702_07, 2007",134,111,-122.9941,48.54748,,UW Marine Bio. 250 Class,17-Nov-07,2007,2000,9,10,11,11.6,9.29,leu,0.78924425,21.98975575,1.3558,20.63395575,0.282596886
sole,"151702_07, 2007",134,111,-122.9941,48.54748,,UW Marine Bio. 250 Class,17-Nov-07,2007,2000,9,10,11,11.6,9.29,ile,0.31890471,23.36442862,1.6186,21.74582862,0.531556519
sole,"151702_07, 2007",134,111,-122.9941,48.54748,,UW Marine Bio. 250 Class,17-Nov-07,2007,2000,9,10,11,11.6,9.29,nle,-3.017754655,16.08042132,-2.1706,18.25102132,3.836728337
sole,"151702_07, 2007",134,111,-122.9941,48.54748,,UW Marine Bio. 250 Class,17-Nov-07,2007,2000,9,10,11,11.6,9.29,pro,1.542814896,20.08985177,6.2574,13.83245177,0.152395319
sole,"151702_07, 2007",134,111,-122.9941,48.54748,,UW Marine Bio. 250 Class,17-Nov-07,2007,2000,9,10,11,11.6,9.29,thr,0.046933187,-5.277599854,-0.841,-4.436599854,0.829615775
sole,"151702_07, 2007",134,111,-122.9941,48.54748,,UW Marine Bio. 250 Class,17-Nov-07,2007,2000,9,10,11,11.6,9.29,asp,2.681927711,18.36807229,0.52,17.84807229,1.137891471
sole,"151702_07, 2007",134,111,-122.9941,48.54748,,UW Marine Bio. 250 Class,17-Nov-07,2007,2000,9,10,11,11.6,9.29,ser,-0.094008762,9.261675429,-1.4288,10.69047543,0.551313281
sole,"151702_07, 2007",134,111,-122.9941,48.54748,,UW Marine Bio. 250 Class,17-Nov-07,2007,2000,9,10,11,11.6,9.29,glu,1.61253012,24.10346988,1.0994,23.00406988,0.174232603
sole,"151702_07, 2007",134,111,-122.9941,48.54748,,UW Marine Bio. 250 Class,17-Nov-07,2007,2000,9,10,11,11.6,9.29,phe,1.252584885,6.152081782,0.7786,5.373481782,0.549000304
sole,,,,,,,,,,,,,,,,gly,NA,NA,NA,NA,NA
sole,,,,,,,,,,,,,,,,tyr,NA,NA,NA,NA,NA
sole,"110373_05, 1992",142,116,-122.5249,48.04189,,WDF,9-May-92,1992,1990,10.2,9.5,9.5,8.1,9.7,ala,-0.124255507,22.56092217,-0.817166667,23.37808884,0.454086262
sole,"110373_05, 1992",142,116,-122.5249,48.04189,,WDF,9-May-92,1992,1990,10.2,9.5,9.5,8.1,9.7,val,0.160889868,22.4567768,0.256833333,22.19994347,0.40614078
sole,"110373_05, 1992",142,116,-122.5249,48.04189,,WDF,9-May-92,1992,1990,10.2,9.5,9.5,8.1,9.7,leu,-0.442255507,21.42958884,0.048,21.38158884,0.619582386
sole,"110373_05, 1992",142,116,-122.5249,48.04189,,WDF,9-May-92,1992,1990,10.2,9.5,9.5,8.1,9.7,ile,-0.178414097,22.82508076,0.522,22.30308076,0.697345204
sole,"110373_05, 1992",142,116,-122.5249,48.04189,,WDF,9-May-92,1992,1990,10.2,9.5,9.5,8.1,9.7,nle,-1.067418502,14.56008517,-1.927666667,16.48775184,0.073050211
sole,"110373_05, 1992",142,116,-122.5249,48.04189,,WDF,9-May-92,1992,1990,10.2,9.5,9.5,8.1,9.7,pro,0.312528634,10.29547137,5.65,4.645471366,0.710639853
sole,"110373_05, 1992",142,116,-122.5249,48.04189,,WDF,9-May-92,1992,1990,10.2,9.5,9.5,8.1,9.7,thr,-0.26339207,-1.761941263,-1.8175,0.055558737,0.229656991
sole,"110373_05, 1992",142,116,-122.5249,48.04189,,WDF,9-May-92,1992,1990,10.2,9.5,9.5,8.1,9.7,asp,0.050299559,18.74136711,-0.556166667,19.29753377,0.31300852
sole,"110373_05, 1992",142,116,-122.5249,48.04189,,WDF,9-May-92,1992,1990,10.2,9.5,9.5,8.1,9.7,ser,-0.512590308,11.22759031,-1.804833333,13.03242364,0.712842199
sole,"110373_05, 1992",142,116,-122.5249,48.04189,,WDF,9-May-92,1992,1990,10.2,9.5,9.5,8.1,9.7,glu,0.12954185,22.93445815,0.863166667,22.07129148,0.228383449
sole,"110373_05, 1992",142,116,-122.5249,48.04189,,WDF,9-May-92,1992,1990,10.2,9.5,9.5,8.1,9.7,phe,-0.061057269,7.049723935,0.964,6.085723935,0.462369261
sole,"119986_01, 2008",191,162,-122.9941,48.54748,Haul 2,UW/SAFS/MARINE BIO,4-Oct-08,2008,2000,10.14,11.16,11.3,10.84,10,ala,-0.18638326,23.43304993,-0.817166667,24.25021659,0.126638593
sole,"119986_01, 2008",191,162,-122.9941,48.54748,Haul 2,UW/SAFS/MARINE BIO,4-Oct-08,2008,2000,10.14,11.16,11.3,10.84,10,val,0.241334802,20.07633186,0.256833333,19.81949853,0.204103732
sole,"119986_01, 2008",191,162,-122.9941,48.54748,Haul 2,UW/SAFS/MARINE BIO,4-Oct-08,2008,2000,10.14,11.16,11.3,10.84,10,leu,-0.66338326,20.14104993,0.048,20.09304993,0.295171701
sole,"119986_01, 2008",191,162,-122.9941,48.54748,Haul 2,UW/SAFS/MARINE BIO,4-Oct-08,2008,2000,10.14,11.16,11.3,10.84,10,ile,-0.267621145,20.88695448,0.522,20.36495448,0.280382477
sole,"119986_01, 2008",191,162,-122.9941,48.54748,Haul 2,UW/SAFS/MARINE BIO,4-Oct-08,2008,2000,10.14,11.16,11.3,10.84,10,nle,-1.601127753,14.42979442,-1.927666667,16.35746109,0.676507453
sole,"119986_01, 2008",191,162,-122.9941,48.54748,Haul 2,UW/SAFS/MARINE BIO,4-Oct-08,2008,2000,10.14,11.16,11.3,10.84,10,pro,0.468792952,18.11720705,5.65,12.46720705,0.17868128
sole,"119986_01, 2008",191,162,-122.9941,48.54748,Haul 2,UW/SAFS/MARINE BIO,4-Oct-08,2008,2000,10.14,11.16,11.3,10.84,10,thr,-0.395088106,-7.066245228,-1.8175,-5.248745228,1.061643223
sole,"119986_01, 2008",191,162,-122.9941,48.54748,Haul 2,UW/SAFS/MARINE BIO,4-Oct-08,2008,2000,10.14,11.16,11.3,10.84,10,asp,0.075449339,17.97321733,-0.556166667,18.52938399,0.574822001
sole,"119986_01, 2008",191,162,-122.9941,48.54748,Haul 2,UW/SAFS/MARINE BIO,4-Oct-08,2008,2000,10.14,11.16,11.3,10.84,10,ser,-0.768885463,3.830218796,-1.804833333,5.635052129,12.79605175
sole,"119986_01, 2008",191,162,-122.9941,48.54748,Haul 2,UW/SAFS/MARINE BIO,4-Oct-08,2008,2000,10.14,11.16,11.3,10.84,10,glu,0.194312775,22.56568722,0.863166667,21.70252056,0.076922038
sole,"119986_01, 2008",191,162,-122.9941,48.54748,Haul 2,UW/SAFS/MARINE BIO,4-Oct-08,2008,2000,10.14,11.16,11.3,10.84,10,phe,-0.091585903,4.697585903,0.964,3.733585903,0.111619891
sole,,,,,,,,,,,,,,,,gly,NA,NA,NA,NA,NA
sole,,,,,,,,,,,,,,,,tyr,NA,NA,NA,NA,NA